{
    "id": "9ae04dc8-6220-41a4-ab19-fc5e44c297b1",
    "url": "file://www_onestep.co-casesmsk-surgeries.html",
    "title": "www_onestep.co-casesmsk-surgeries.html",
    "docAuthor": "no author found",
    "description": "No description found.",
    "docSource": "URL link uploaded by the user.",
    "chunkSource": "link://https://www.onestep.co/cases/msk-surgeries",
    "published": "10/16/2024, 4:41:26 PM",
    "wordCount": 449,
    "pageContent": "Request Demo\n\nThe OneStep Impact\n\n\nTrack outcomes from pre-surgery through recovery\n\nCapture objective patient mobility and stay connected during the entire care episode for enhanced surgical outcomes.\n\n\nRequest Demo\nAS SEEN ON\nSurgical care plans do not end in the operating room ...\nPrevent complications\n\nPost-operative complications and readmissions use critical healthcare dollars and resources\n\nEnhance\noutcomes\n\nSuperior outcomes occur when patients adhere to their plan of care\n\nCapture\nimpact\n\nShowcase the impact of surgical interventions through objective data collection over time\n\nOneStep offers a new approach to tracking post-surgery progress\nUnprecedented Insight\n\nSmartphone motion analysis captures ongoing mobility data, without wearables.\n\n\nProactive Digital Care\n\nPredictive analytics and automated care actions enable proactive intervention.\n\n\nSeamless Workflows\n\nOne easy-to-use solution empowers hybrid care and fits into existing workflows.\n\n\nHighly Engaged Patients\n\nImmediate feedback and personalized plans drive patient engagement and adherence.\n\n\nMonitor recovery progress and predict outcomes\n\nPredict post-op trajectory with objective mobility benchmarks\n\nIdentify patients at risk for complications and intervene early to ensure they're hitting recovery milestones.\n\n\nDrive patient engagement and adherence\n\nImmediate motion biofeedback and accessible digital care makes it easy to keep patients motivated, connected, and progressing toward their goals.\n\n\nStandardize rehab protocols and outcome measure collection\n\nStreamline protocol prescription and outcome measure collection to better capture objective impact of surgical and clinical interventions.\n\n\nWith OneStep...\n4.5\n\nMore engaged days per patient per week\n\n\n93%\n\nOf OneStep users report increased mobility\n\n\n96%\n\nSuccess rate for RTM CPT code collection\n\n\n34\n\nMinutes saved per clinician per week\n\n\nLeverage hybrid care models built on motion science to grow your practice\n\nBETTER DOCUMENTATION\nDemonstrate value to payers and on reporting metrics\n\nJustify medical necessity for interventions\n\nCapture objective progress over time\nHIGHER EFFICIENCY\nPrevent complications to save costs and improve margins\n\nGenerate progress notes with the click of a button\n\nDrive retention, referrals, and ratings\n\n“Improved patient experience and successful recoveries through smarter treatment are what we are all about at Kinomatic, so partnering with such a pioneering therapeutic company as OneStep was the natural choice for us.”\n\nShaun Lea\nCHIEF EXECUTIVE OFFICER\n\n“OneStep integrates the empathy and professionalism of experienced physical therapists with the latest in digital health technology, ensuring that our patients receive the best care and experience possible.\"\n\nShaun Lea\nCHIEF EXECUTIVE OFFICER\nGoing above and beyond for patients truly helps everyone\nPhilip E.\nTOTAL KNEE REPLACEMENT\n\nI use OneStep every single day, sometimes to exercise, other days just to measure how I am walking. It has really helped me see my own improvement.\n\nJuan G.\nTOTAL HIP REPLACEMENT\n\nAfter my hip replacement, I was anxious to get back to back to work and my daily life. My surgeon introduced me to OneStep and I've loved tracking my progress and seeing my scores get better!\n\nNancy H.\nCHRONIC PAIN\n\nI'm so glad my therapist uses OneStep with me. I love being able to check my own progress and reach out with questions as they come up so I don't forget.\n\nReady to get started with OneStep?\nRequest Demo\nFollow us\nGet our app\nCopyright OneStep 2024\n|\nTerms of Service\n|\nPrivacy Policy\n|\nHIPAA Notice\nProduct\nScience\nPlatform\nExperience\nSolutions\nDigital Health\nRTM\nFall Prevention\nO&P\nMSK Surgeries\nResearch\nFor Patients\nCompany\nAbout\nCareers\nContact\nResources\nPublished Research\nWhite Papers\nCase Studies\nWebinars\nPress\nBlog\nFAQs",
    "token_count_estimate": 762
}