{
    "id": "8dbb58a7-6710-4c87-8f40-34d2dfc8036a",
    "url": "file://www_onestep.co-casesorthotics-prosthetics.html",
    "title": "www_onestep.co-casesorthotics-prosthetics.html",
    "docAuthor": "no author found",
    "description": "No description found.",
    "docSource": "URL link uploaded by the user.",
    "chunkSource": "link://https://www.onestep.co/cases/orthotics-prosthetics",
    "published": "10/16/2024, 4:41:25 PM",
    "wordCount": 352,
    "pageContent": "Request Demo\n\nThe OneStep Impact\n\n\nEnhance clinical judgement with real-time mobility data\n\nWith OneStep, objective insights are at your fingertips to improve device fit, wear, and documentation.\n\n\nRequest Demo\nTRUSTED BY LEADING PROVIDERS\nLack of objective mobility insight leaves room for error...\nThousands\n\nof dollars can be lost during an audit\n\nMultiple\n\ndevice adjustments and refabrications become costly\n\nRehabilitation\n\nwith a new device requires ongoing assessment and encouragement\n\nOneStep offers a new approach to orthotic and prosthetic management\nPioneering Science\n\nOneStep is the only solution that turns any smartphone into a clinically-validated gait and motion lab, making it easy and accessible to capture objective patient mobility.\n\n\nProactive Care Platform\n\nWhen a patient demonstrates a change, providers are automatically notified — so that they can intervene quickly to improve device fit, capture patient progress over time, and strengthen documentation.\n\n\nClinician Portal & App\n\nUsing one convenient solution, clinicians have all the tools to assess, treat, and communicate directly with their patients.\n\n\nPatient Engagement\n\nImmediate motion feedback that drives motivation and encouragement during the rehabilitation journey.\n\n\nHow OneStep helps you improve outcomes\n\nGreater visibility to act fast\n\nIntervene in a timely manner to improve fit, wear, and function for better patient outcomes.\n\n\nDigital tools to keep patients engaged\n\nStay connected with patients and provide them with immediate motion feedback to keep them motivated.\n\n\nHassle-free outcome measures\n\nPerform a thorough gait analysis and mobility tests in seconds, from anywhere.\n\n\nEnhanced patient care with proven results for your entire organization\nSTRONGER DOCUMENTATION\nProtect your revenue from audits\n\nDemonstrate quality care\n\nCapture longitudinal patient progress\nHIGHER EFFICIENCY\nStandardize outcome measure collection with ease\n\nGenerate progress notes with the click of a button\n\nUse one configurable platform with all the tools you need\n\n“OneStep is a novel mobile-based technology that provides an easy and accessible gait solution that is cost-effective and was found valid and accurate according to our research findings. For many clinics, this could be a game changer in terms of incorporating objective gait assessment in clinical settings.”\n\nGanit Segal\nCHIEF SCIENTIFIC OFFICER\n\n“I wish I had a recording of how excited the clinic teams were when they described their experience with OneStep – they were thrilled by its ease of use.”\n\nRachel Shiloh Yesharim\nCHIEF TECHNOLOGY OFFICER\nReady to get started with OneStep?\nRequest Demo\nFollow us\nGet our app\nCopyright OneStep 2024\n|\nTerms of Service\n|\nPrivacy Policy\n|\nHIPAA Notice\nProduct\nScience\nPlatform\nExperience\nSolutions\nDigital Health\nRTM\nFall Prevention\nO&P\nMSK Surgeries\nResearch\nFor Patients\nCompany\nAbout\nCareers\nContact\nResources\nPublished Research\nWhite Papers\nCase Studies\nWebinars\nPress\nBlog\nFAQs",
    "token_count_estimate": 601
}