{
    "id": "751fe1cc-5947-4828-8017-7ec70d55e185",
    "url": "file://www_onestep.co-productscience.html",
    "title": "www_onestep.co-productscience.html",
    "docAuthor": "no author found",
    "description": "No description found.",
    "docSource": "URL link uploaded by the user.",
    "chunkSource": "link://https://www.onestep.co/product/science",
    "published": "10/16/2024, 4:41:17 PM",
    "wordCount": 348,
    "pageContent": "Request Demo\n\nOneStep's Gait & Motion Science\n\n\nMovement is a measure of health\n\nVitals are used to monitor health, but a critical one is often missed. Gait is the functional vital sign – and OneStep makes motion analysis accessible from everywhere.\n\n\nRequest Demo\nOUR RESEARCH PARTNERS\nThe way we move reveals so much about us\n\n\nGait speed is a top predictor of mortality\n\n\nGait abnormalities often precede cognitive decline\n\n\nImpaired balance can indicate early stages of neurodegenerative disease\n\nGait asymmetries are strongly correlated with increase in fall risk\n\n\nStep length is a measure of recovery from joint injuries and surgeries\n\n\nGait biofeedback can accelerate recovery and improve motor control\n\n\nCompensatory gait patterns can signal issues with orthosis and prothesis fit\n\n\nGait and balance changes can capture undesirable side effects of medications\n\n\nYet healthcare has barely scratched the surface — because gait has been hard to fully capture.\nOneStep brings a motion lab to every pocket\n\nThe easiest way to measure gait\n\nOnsite or remote gait and motion analysis that delivers immediate insight.\n\n\nAccurate results within seconds\n\nNo calibration or additional data required, fitting into even the busiest schedules.\n\n\nReal-world conditions\n\nVisibility into how patients move during everyday life to enhance decision making.\n\nActionable objective data\n\n30+ gait parameters and mobility tests that are analyzed automatically.\n\nNo wearables, no hassle\n\nLow cost, flexible, and widely accessible.\n\n\nOptimized for clinicians and patients alike\n\nSTEP 1\nThe patient records a measurement with the app\n\nCapturing clinical insights is easy and patients receive immediate feedback that keeps them engaged.\n\n\nSTEP 2\nData is transmitted to the Clinician Portal for review\n\nWithin seconds, results are ready to view in the OneStep Clinician Portal, delivering heightened visibility and actionable insight.\n\n\nSTEP 3\nAutomated reports are generated and integrated into EMR\n\nCustomizable OneStep reports make it easy to review patient progress and help strengthen documentation with ongoing objective data.\n\n\nHow does a smartphone capture movement?\n\nSmartphones have built-in sensors that capture inertial data, such as orientation and acceleration, based on the position and movement of the phone.\n\nUsing this data and proprietary machine learning algorithms, OneStep extracts accurate spatiotemporal gait parameters whenever someone carries their phone in their pocket.\n\nResources\n\nPublished Research\nWhite Papers\nCase Studies\nReady to get started with OneStep?\nRequest Demo\nFollow us\nGet our app\nCopyright OneStep 2024\n|\nTerms of Service\n|\nPrivacy Policy\n|\nHIPAA Notice\nProduct\nScience\nPlatform\nExperience\nSolutions\nDigital Health\nRTM\nFall Prevention\nO&P\nMSK Surgeries\nResearch\nFor Patients\nCompany\nAbout\nCareers\nContact\nResources\nPublished Research\nWhite Papers\nCase Studies\nWebinars\nPress\nBlog\nFAQs",
    "token_count_estimate": 584
}