{
    "id": "eed4e077-6122-4bd1-bd65-592289a32a03",
    "url": "file://www_onestep.co-casesfall-prevention.html",
    "title": "www_onestep.co-casesfall-prevention.html",
    "docAuthor": "no author found",
    "description": "No description found.",
    "docSource": "URL link uploaded by the user.",
    "chunkSource": "link://https://www.onestep.co/cases/fall-prevention",
    "published": "10/16/2024, 4:41:24 PM",
    "wordCount": 512,
    "pageContent": "Request Demo\n\nThe OneStep Impact\n\n\nPrevent 1 in 4 falls with OneStep\n\nOneStep’s fall risk assessment technology helps your organization catch falls before they occur — saving lives and resources.\n\n\nRequest Demo\nTRUSTED BY LEADING PROVIDERS\nDespite massive efforts and expense, the impact of falls continues to increase...\n$72 billion\n\nis spent every year (in the US alone) treating injuries caused by falls\n\n1 in 4\n\nAmericans aged over 65 will fall in the next 12 months\n\n17%\n\nof rehab time is spent on falls-related issues, leading to burnout, turnover, and shortages\n\nWith OneStep...\n45%\n\nReduction in falls in Senior Living Facilities\n\n\n27\n\nFewer falls every year per 100 residents\n\n\n1 in 4\n\nFalls on average prevented with OneStep\n\n\n34\n\nMinutes saved per clinician per week\n\n\nOneStep offers a new approach to fall prevention\nUnprecedented Insight\n\nOneStep combines critical gait insight with standard tests and questionnaires for a truly multifactorial fall risk assessment.\n\n\nProactive Care\n\nPredictive algorithms identify patient risk status and automatically notify providers of changes for fast intervention.\n\n\nSeamless Workflows\n\nOne easy-to-use solution empowers clinicians with the tools to screen, treat, and capture patient progress.\n\n\nHighly Engaged Patients\n\nImmediate feedback and personalized progress reports drive patient and caregiver engagement.\n\n\nINTEGRATED WITH\nThe most comprehensive fall prevention solution\n\nQuickly Identify patients at risk of decline\n\nContinuous monitoring makes it easy to identify when patients have a change from baseline, preventing falls and streamlining routine screens.\n\n\nDrive engagement and meaningful behavior change\n\nImmediate motion feedback and personalized reports convey progress to patients, caregivers, and the care team facilitating strong connections and adherence.\n\n\nJustify medical necessity and improve fall prevention protocols\n\nStreamline fall risk screens and capture objective mobility at the individual, population, and facility levels.\n\n\nReal results, captured objectively and easily with automated reports\nSTRONGER DOCUMENTATION\nProtect and generate new revenue\n\nCompare fall prevention data across facilities\n\nShowcase reduced readmissions, falls, and adverse events\nHIGHER EFFICIENCY\nOptimize patient management\nand screening\nEase staff burden and turnover\nLeverage digital tools that enhance workflows\n\n\"OneStep is the only platform I've encountered that allows us to prevent falls rather than to react to them. This brings a lot of clinical value to our practice, while allowing us to get reimbursed.\"\n\nAlla Onitskanski\nPRESIDENT OF REHABILITATION SERVICES\n\nUsing OneStep just makes sense. When I'm seeing a patient, there's always that question of how they are doing when I’m not there. OneStep provides an inside look at their mobility using real-world data, and I can see how they are doing with their home exercise program. OneStep helps clinicians deliver truly proactive care — before a fall or other serious issue occurs.\n\nWilliam Dieter\nSR. DIRECTOR OF CLINICAL SERVICES\nGoing above and beyond for patients truly helps everyone\nPhilip E.\nTOTAL KNEE REPLACEMENT\n\nI use OneStep every single day, sometimes to exercise, other days just to measure how I am walking. It has really helped me see my own improvement.\n\nBenjamin D.\nSENIOR LIVING FACILITY RESIDENT\n\nOneStep made an enormous difference to my life. I feel more confident knowing my therapist is monitoring how I walk and can step in to help me if anything changes.\n\nNancy H.\nCHRONIC PAIN\n\nI'm so glad my therapist uses OneStep with me. I love being able to check my own progress and reach out with questions as they come up so I don't forget.\n\nReady to get started with OneStep?\nRequest Demo\nFollow us\nGet our app\nCopyright OneStep 2024\n|\nTerms of Service\n|\nPrivacy Policy\n|\nHIPAA Notice\nProduct\nScience\nPlatform\nExperience\nSolutions\nDigital Health\nRTM\nFall Prevention\nO&P\nMSK Surgeries\nResearch\nFor Patients\nCompany\nAbout\nCareers\nContact\nResources\nPublished Research\nWhite Papers\nCase Studies\nWebinars\nPress\nBlog\nFAQs",
    "token_count_estimate": 855
}