{
    "id": "f173264d-7b88-4ac8-9cde-354a870e02e1",
    "url": "file://www_onestep.co-resources-blogsleeping-after-surgery.html",
    "title": "www_onestep.co-resources-blogsleeping-after-surgery.html",
    "docAuthor": "no author found",
    "description": "No description found.",
    "docSource": "URL link uploaded by the user.",
    "chunkSource": "link://https://www.onestep.co/resources-blog/sleeping-after-surgery",
    "published": "10/16/2024, 4:43:51 PM",
    "wordCount": 492,
    "pageContent": "Request Demo\nSleeping After Surgery\nApril 21, 2023\n\nStay up to date with the latest patient resources!\n\nSchedule a Demo\nGetting a good night's sleep can be a challenge for anybody, but it's especially difficult after surgery.\n\nSleep is critical for healing after surgery and trauma, but it is almost impossible to attain quality sleep when in pain. There are specific regions of the brain that control pain and sleep, so when you feel pain, you don't get good quality sleep, and when you don't get quality sleep, you feel more pain. One study has shown that just two nights of partial sleep deprivation resulted in increased bodily pain even without any trauma. This effect multiplied with subsequent nights of partial sleep deprivation.\n‍\n\nSo how do you break this vicious cycle after surgery?\n\n‍\n\nDeep breathing exercises: slow, deep breaths activate a branch of the nervous system known for 'rest and digest'. Several minutes of deep breathing can not only help your body relax but also lower your current blood pressure.\n\nFinding the correct posture: this is especially important after a joint or back surgery. For example, people find placing a large and firm pillow between the knees - and sleeping on the unoperated side - more comfortable for surgery on the leg or hip. Additionally, sleeping on your back with a pillow placed under your knees is supportive. However, it's important to note, placing a pillow under the knee after knee surgery is NOT encouraged because you risk losing the ability to straighten your knee comfortably.\nNote: Many people report pregnancy pillows to be particularly helpful for maximizing comfort.\n\nImprove your sleep hygiene: establish a regular bedtime routine and stick to it! Start by reducing light and exposure to screens about 30 minutes before bedtime and tuck yourself in around the same time each night. Over time, your body will recognize the signals to wind down and allow you to fall asleep easier. Sometimes a low humming sound or other white noise can also help lull you to sleep.\n\nFind the right temperature: keep your bedroom cool, about 65-68 degrees Fahrenheit and turn off any sources of light.\n\nMedicinal sleep aids: melatonin is a hormone found naturally in our bodies.  Darkness tends to increase melatonin production while light will break down the hormone and decrease production.  Melatonin may be helpful to stimulate sleep in situations where time zones or other factors interfere with your regular sleep schedule. This article by WebMD summarizes the appropriate uses of melatonin.\n\n‍\n\n‍\n\nWant to stay up to date with the latest patient resources? Follow OneStep on LinkedIn, Facebook, and Instagram!\n\n‍\n\n‍\n\n‍\n\n‍\n\nReferences:\n\n‍\n\n1. Olson, Kern A. \"Pain and sleep: Understanding the interrelationship. Practical pain management vol. 14,9 (2015). Retrieved 05/23/21 from: Pain and Sleep: Understanding the Interrelationship (practicalpainmanagement.com)\n2. Finan, Patrick H et al. \"The association of sleep and pain: an update and a path forward.\" The journal of pain vol. 14,12 (2013): 1539-52. doi:10.1016/j.jpain.2013.08.007 Retrieved 05/23/21 from: nihms521705.pdf\n\n‍\nFollow us\nGet our app\nCopyright OneStep 2024\n|\nTerms of Service\n|\nPrivacy Policy\n|\nHIPAA Notice\nProduct\nScience\nPlatform\nExperience\nSolutions\nDigital Health\nRTM\nFall Prevention\nO&P\nMSK Surgeries\nResearch\nFor Patients\nCompany\nAbout\nCareers\nContact\nResources\nPublished Research\nWhite Papers\nCase Studies\nWebinars\nPress\nBlog\nFAQs",
    "token_count_estimate": 771
}