{
    "id": "a9249327-bba2-4784-9823-e3b62fc2ba4c",
    "url": "file://www_onestep.co-providerssurgeons.html",
    "title": "www_onestep.co-providerssurgeons.html",
    "docAuthor": "no author found",
    "description": "No description found.",
    "docSource": "URL link uploaded by the user.",
    "chunkSource": "link://https://www.onestep.co/providers/surgeons",
    "published": "10/16/2024, 4:41:32 PM",
    "wordCount": 377,
    "pageContent": "Request Demo\n\nOneStep For Surgeons\n\n\nActionable insight throughout the entire patient journey\n\nOneStep captures objective gait and motion analysis data from prehab through rehab, providing surgeons with unprecedented patient data and statistics without any wearables.\n\n\nGet in Touch\nExtend your visibility beyond the clinic\nFor surgeons\nShowcase surgical success with objective gait data\n\nReceive on-demand progress reports with OneStep’s continuous objective gait and motion analysis data, functional assessments, and patient-reported outcomes for the most comprehensive patient data and statistics surrounding your interventions.\n\n\nPrevent unnecessary complications and costs with actionable insights\n\nAccess real-time patient mobility data and notifications regarding fall risk and change of status to intervene proactively – preventing adverse events and unnecessary costs.\n\n\nCreate a consistent standard of care and improve post-surgical outcomes\n\nUse OneStep to standardize post-surgical care with your own unique protocols and the ability to monitor valuable recovery data while staying better connected.\n\n\nImprove patient adherence and satisfaction\n\nWith a 12-week retention rate of >75%, OneStep improves long-term clinical outcomes and keeps patients satisfied – giving you the tools you need to demonstrate success, document high-quality care, and grow your practice.\n\n\nExtend your practice with a digital PT offering\n\nLeverage OneStep’s technology to extend your practice with digital physical therapy services and grow your revenue with remote therapeutic monitoring – using your own clinicians or OneStep’s in-house therapists.\n\n\nGetting started with OneStep is easy\n1\nSet up your OneStep account\n\nWhen you partner with OneStep, we’ll help you set up your account with your name, image and personalized settings.\n\n\n2\nSend your join code to patients\n\nYour patients will use this code upon signing up for OneStep, which will automatically link them to your account.\n\n\n3\nAccess patients' recovery data\n\nEasily track your patients recovery from the OneStep Clinc interface.\n\n\nPowerful science at your fingertips\n\nOneStep’s first-of-its-kind technology was designed to bring you clinically accurate data using only patients’ smartphones, allowing practitioners to adjust recovery protocols based on real-time demonstrated progress.\n\nLearn More\n9 in 10\n\nmembers consider OneStep to be essential to their recovery.\n\n\n72%\n\ncomplete their full course of care, with industry-high adherence and compliance.\n\n\n93%\n\nsuccessfully achieve their therapy goal, and report reduced pain, increased mobility and better quality of life.\n\n\n4X\n\nincrease in therapist efficiency for PTs using OneStep, allowing more patients to be treated, more effectively.\n\n\nReady for actionable insight?\n\nContact us today to learn more about using OneStep.\n\n\nGet in Touch\nFollow us\nGet our app\nCopyright OneStep 2024\n|\nTerms of Service\n|\nPrivacy Policy\n|\nHIPAA Notice\nProduct\nScience\nPlatform\nExperience\nSolutions\nDigital Health\nRTM\nFall Prevention\nO&P\nMSK Surgeries\nResearch\nFor Patients\nCompany\nAbout\nCareers\nContact\nResources\nPublished Research\nWhite Papers\nCase Studies\nWebinars\nPress\nBlog\nFAQs",
    "token_count_estimate": 609
}