{
    "id": "a00c0945-e7af-4da3-8958-d5a2daf37cf9",
    "url": "file://www_onestep.co-companycareers.html",
    "title": "www_onestep.co-companycareers.html",
    "docAuthor": "no author found",
    "description": "No description found.",
    "docSource": "URL link uploaded by the user.",
    "chunkSource": "link://https://www.onestep.co/company/careers",
    "published": "10/16/2024, 4:41:50 PM",
    "wordCount": 82,
    "pageContent": "Request Demo\nJoin The Movement\nChoose to make a difference\n\nIn today's world, working in the high-tech industry means having a lot of options. Today, more than ever, we believe that the most talented people should choose to solve problems that have global impact. At OneStep, we constantly strive to be an awesome workplace, so that you're not forced to settle for happiness, growth and meaning in your career.\n\nFollow us\nGet our app\nCopyright OneStep 2024\n|\nTerms of Service\n|\nPrivacy Policy\n|\nHIPAA Notice\nProduct\nScience\nPlatform\nExperience\nSolutions\nDigital Health\nRTM\nFall Prevention\nO&P\nMSK Surgeries\nResearch\nFor Patients\nCompany\nAbout\nCareers\nContact\nResources\nPublished Research\nWhite Papers\nCase Studies\nWebinars\nPress\nBlog\nFAQs",
    "token_count_estimate": 175
}