{
    "id": "5ddcec95-be9e-4861-852f-a97b9d1b1756",
    "url": "file://www_onestep.co-resources-bloghow-tech-savvy-do-i-need-to-be-to-use-the-onestep-app.html",
    "title": "www_onestep.co-resources-bloghow-tech-savvy-do-i-need-to-be-to-use-the-onestep-app.html",
    "docAuthor": "no author found",
    "description": "No description found.",
    "docSource": "URL link uploaded by the user.",
    "chunkSource": "link://https://www.onestep.co/resources-blog/how-tech-savvy-do-i-need-to-be-to-use-the-onestep-app",
    "published": "10/16/2024, 4:42:56 PM",
    "wordCount": 276,
    "pageContent": "Request Demo\nHow Tech Savvy Do I Need To Be To Use The OneStep App?\nMarch 28, 2023\n\nJoin The Movement With OneStep - Get 14 Day Free Trial\n\nSchedule a Demo\n\nMany of us recall the days when everything was analog - and being 'tech-savvy' held a different meaning.\n\nIn a relatively short period of time, we went from storing physical maps in the car to printing directions off the internet to GPS. Landlines and fax machines gave way to mobile phones and email. Today, we have the ability to explore the world and connect with people around the world at the touch of a button.\n\nSo while you can continue to go to the clinic if that works best for your condition and schedule, the option to seek physical therapy appointments from the comfort of your home (or really anywhere), now exists.\n‍\n\nSo, How Tech Savvy Do I Need To Be?\n\n\nThe OneStep app was created with everyone in mind. Our platform is designed to be inclusive. We treat patients worldwide with varying conditions from all different age groups with different levels of mobility. The design is clean and simple, with straightforward pop-up instructions to help you navigate the app. Furthermore, our patients have around-the-clock access to their personal PTs and customer support. We’re always here for you!\n\nFor any question regarding the use of the app, any inquiry about our services, and much more. We also love to get feedback from our patients! Have an improvement, or something that would make your experience easier? We absolutely want to hear it!\n‍\nTo get started, download the OneStep app today.\n\n‍\n\n‍\n\nFollow us\nGet our app\nCopyright OneStep 2024\n|\nTerms of Service\n|\nPrivacy Policy\n|\nHIPAA Notice\nProduct\nScience\nPlatform\nExperience\nSolutions\nDigital Health\nRTM\nFall Prevention\nO&P\nMSK Surgeries\nResearch\nFor Patients\nCompany\nAbout\nCareers\nContact\nResources\nPublished Research\nWhite Papers\nCase Studies\nWebinars\nPress\nBlog\nFAQs",
    "token_count_estimate": 429
}