{
    "id": "5e5161e4-8921-4ca0-8b11-c77203a11862",
    "url": "file://www_onestep.co-resources-blog5-exercises-after-thr.html",
    "title": "www_onestep.co-resources-blog5-exercises-after-thr.html",
    "docAuthor": "no author found",
    "description": "No description found.",
    "docSource": "URL link uploaded by the user.",
    "chunkSource": "link://https://www.onestep.co/resources-blog/5-exercises-after-thr",
    "published": "10/16/2024, 4:43:08 PM",
    "wordCount": 750,
    "pageContent": "Request Demo\n5 Advanced Exercises After THR\nMarch 28, 2023\n\nSignup To Receive Your Personalized Exercise Plan\n\nSchedule a Demo\n\nWhile these hip exercises may not seem difficult upon first glance, to perform them correctly requires adequate muscle strength and control. They are great to add in later into your recovery program as you become stronger and are able to continue to progress your hip exercises.\n\nCheck out the youtube playlist at the bottom of the page for demonstrations on how to properly perform each exercise.\nSide Lying Hip Abduction:\n\nEquipment needed: floor mat, pillow (optional)\n\n1. Lie on your side with your legs stacked on top of each other. You can place a pillow between your knees for comfort. Rest your head on your lower arm to avoid straining your neck. Use your top arm to stabilize your body.\n2. Pull your belly button in to engage your core, then lift your top leg up towards the ceiling to about 45 degrees. Make sure to keep your toes pointed forward and your hips stacked on top of eachother (no rolling forward or backward). When lifting your leg, it should not come out in front of you. Try to keep it inline with your upper body, or slightly behind you in extension.\n3. Hold for 2 seconds at the top, then slowly lower your leg back to the starting position.\n4. Repeat about 10 times, or until you feel muscle fatigue. If you find you need more control, you can bring your bottom leg out in front of you slightly, bending at the knee.\n\nBridges with Ball:\n\nEquipment needed: floor mat, ball or rolled towel\n1. Start by lying on your back with your knees bent, and a ball (or rolled towel) between your knees. Keep your feet flat on the floor, about hip-width apart.\n2. Contract your buttocks and lift your hips off the floor towards the ceiling, being careful not to arch the low back.\n3. Simultaneously, squeeze the ball between your knees. Return to the starting position.\n4. Repeat 10-15 times, or until you feel your buttocks muscles fatigue. As this gets easier, consider holding a weight on your abdomen for an extra challenge.\n\nSupine Straight Leg Raise:\n\nEquipment needed: floor mat\n1. Lie on your back with your legs stretched out in front of you, toes pointing towards the ceiling.\n2. Bend one knee and place your foot on the floor, leaving the opposite leg stretched out with the toes pointing upward.\n3. Raise your outstretched leg until your knee is even with the bent knee of your opposite leg (you don’t need to go any higher). Hold for 2-5 seconds at the top, then slowly lower your leg back into the starting position.\n4. Repeat about 10 times, or until you feel muscle fatigue, and then switch sides.\n\nSupine Eccentric Hip Flexion:\n\nEquipment needed: floor mat, resistance band (optional)\n1. Lie on your back with your legs stretched out in front of you, toes pointing towards the ceiling.\n2. Bend one knee and place your foot on the floor, leaving the opposite leg stretched out with the toes pointing upward.\n3. If using a band, wrap it around the forefoot of your outstretched leg, grasping both sides in each of your hands.\n4. Raise your outstretched leg until your knees are level, then slowly lower your leg against the resistance of the band returning to the starting position. On your way down, try counting down from 5 to ensure you are lowering the leg slowly enough for a controlled eccentric contraction. If you are not using a band, pay extra attention to ensure you are lowering the leg slowly.\n5. Repeat about 10 times, or until you feel your muscles fatigue. You can perform this exercise on the opposite leg as well.\n\nSit to Stand Without Hands:\n\nEquipment needed: sturdy chair\n1. Sit in a chair and place your hands straight out in front of you with the palms down and arms parallel to the floor.\n2. Lean forward, and raise up to a standing position.\n3. Make sure to avoid locking your knees or allowing them to cave in during the exercise.\n4. Slowly sit back down into the chair, controlling your body throughout the entire lowering movement.\n5. Repeat about 10-15 times, or until you feel your legs begin to fatigue.\n‍\n\nCheck out our youtube channel for more information on how to perform exercises and find answers to your PT questions. Need more specific help or want a customized exercise program? Download the OneStep Digital Physical Therapy app to consult with a licensed physical therapist today!\n\n‍\n\nFollow us\nGet our app\nCopyright OneStep 2024\n|\nTerms of Service\n|\nPrivacy Policy\n|\nHIPAA Notice\nProduct\nScience\nPlatform\nExperience\nSolutions\nDigital Health\nRTM\nFall Prevention\nO&P\nMSK Surgeries\nResearch\nFor Patients\nCompany\nAbout\nCareers\nContact\nResources\nPublished Research\nWhite Papers\nCase Studies\nWebinars\nPress\nBlog\nFAQs",
    "token_count_estimate": 1038
}