{
    "id": "440e1be5-d2b0-46de-8d97-77f5ec503286",
    "url": "file://www_onestep.co-benefits.html",
    "title": "www_onestep.co-benefits.html",
    "docAuthor": "no author found",
    "description": "No description found.",
    "docSource": "URL link uploaded by the user.",
    "chunkSource": "link://https://www.onestep.co/benefits?utm_medium=what-is-the-difference-between-remote-therapeutic-monitoring-rtm-and-remote-patient-monitoring-rpm",
    "published": "10/16/2024, 4:43:50 PM",
    "wordCount": 760,
    "pageContent": "Request Demo\n\nThe OneStep Impact\n\n\nDeliver the most precise care to patients anywhere\n\nEnhance in-person care with fast, easy, and objective motion analysis and enable high-quality treatment to continue in between visits with an all-in-one remote care experience.\n\n\nRequest Demo\nOffer exceptional remote care with a customized digital experience\nPioneering Science\n\nAccurately measure clinical outcomes and set a new standard of care with OneStep's smartphone-only clinical-grade motion lab.\n\n\nUnparalleled Configurability\n\nEasily build the workflows that match your clinician's and patient's needs, thanks to our fully-customized platform and seamless\nEHR integration.\n\n\nClinician Portal\n\nEquip your clinicians to make better decisions faster, by providing them with prioritized insights and alerts on their patients, combined with a full TelePT suite.\n\n\nPatient App\n\nDrive patient adherence and satisfaction through actionable feedback, meaningful connections, and an easy-to-follow exercise routine that automatically adapts to\nformulate habits.\n\n\nImprove patient outcomes and showcase clinical excellence\n\nBoost patient engagement and make care more accessible\n\nOneStep allows clinicians to expand the reach of their practice, and has been proven to drive 3x higher patient adherence and retention.\n\n\nView patients holistically for better decision making\n\nOneStep offers clinicians a thorough and timely view of their patients’ health status, enabling them to provide more meaningful interactions that drive long-term change.\n\n\nDeploy a new gold standard for measuring patient progress\n\nWith OneStep, you can easily document the efficacy of treatments in accelerating recovery or reducing risk profiles (e.g. fall risk) of patients and patient cohorts, to provide evidence of your clinical excellence.\n\n\nMake each minute count using OneStep\n\nWith OneStep, you can get reimbursed for the time you spend managing patients asynchronously thanks to remote therapeutic monitoring (RTM). OneStep’s automatic data collection and provider time tracking functionality makes meeting RTM billing requirements hassle-free – so you can focus your time and energy on your patients.\n\n\nLearn More\nOptimize clinical and operational workflows to unlock your full financial potential\nGROW & GENERATE REVENUE STREAMS\nIntroduce new care programs, such as fall prevention, pain management, or prehabilitation\n\nMake the most of your time with RTM and turn the work of managing patients into reimbursable minutes that can fill gaps between visits\n\nStrengthen documentation with objective data that justifies medical necessity and additional care to retain patients 3x longer for the care they need\nIncrease patient reacquisition by seamlessly maintaining a relationship with your patients after the episode-of-care\nBoost your brand awareness and drive referrals thanks to enhanced patient satisfaction and improved clinical outcomes\nPRACTICE AT PEAK EFFICIENCY\nStrategically manage your practice’s time for higher financial value by transitioning patients between in-clinic and remote care\n\nOffer convenient remote treatment options that reduce missed visits by 20-25%, improve continuity of care, and decrease appointment wait times\n\nTriage patients to better manage visits and determine who needs more immediate clinical intervention with OneStep’s automated patient notifications\n\nRetain star employees with a healthy work-life balance by allowing team members greater scheduling flexibility and remote work options\n\nReduce claim denials with quantifiable documentation of patient data that automatically integrates into your EHR systems\n\nWhat is Remote Therapeutic Monitoring (RTM)?\n\nNew CPT codes introduced in 2022 allow providers to bill for time spent monitoring musculoskeletal patients remotely.\n\nOneStep is the only all-in-one remote care platform that is optimized for convenience, collects clinically-validated gait and mobility data without any wearables, and automatically captures background data for seamless and efficient RTM reimbursement.\n\n\nCPT Code\n\nBilling with OneStep\n\n98975\n\nOnboard a patient with OneStep and confirm first walk recording.\n\n98977\n\nCapture patient-reported outcomes, clinical-grade background analytics, patient adherence, and functional assessments with OneStep, an FDA-listed medical device.\n\n\n98980\n\nSchedule audio and visual check-ins, monitor patient data, update exercises, and communicate via chat and video message all from the online OneStep clinic.\n\n\n98981\n\nEasily track minutes spent monitoring each patient to bill additional units.\n\nPhysical Therapists\n\nAccess tools that enable the best patient care with more flexibility using OneStep’s all-in-one digital physical therapy platform – being a physical therapist has never felt better.\n\n  Learn More  \nPhysical Therapy Clinics\n\nExtend care beyond clinic walls with OneStep’s remote physical therapy platform – the only science-based solution that provides clinically-validated data, improving decision making and customer engagement.\n\n\n  Learn More  \nHome Health Providers\n\nReceive automated real-time fall risk and change of status notifications to quickly identify high-risk patients and triage care for proactive intervention and efficient visit management.\n\n  Learn More  \nMedical Devices\n\nGain objective visibility into pre-intervention mobility and post-intervention performance to highlight the efficacy, adoption, and overall success rates of devices and implants.\n\n  Learn More  \nOrthopedic Surgeons\n\nExtend your practice using a digital physical therapy solution and capture high-quality outcomes with objective gait and motion analysis data from prehab through rehab – without any wearables.\n\n  Learn More  \nOrthotics & Prosthetics\n\nView the impact of interventions in real-time with objective gait and mobility data to strengthen documentation, showcase efficacy to payers, and improve device fit and wear.\n\n  Learn More  \nReady to get started with OneStep?\nRequest Demo\nFollow us\nGet our app\nCopyright OneStep 2024\n|\nTerms of Service\n|\nPrivacy Policy\n|\nHIPAA Notice\nProduct\nScience\nPlatform\nExperience\nSolutions\nDigital Health\nRTM\nFall Prevention\nO&P\nMSK Surgeries\nResearch\nFor Patients\nCompany\nAbout\nCareers\nContact\nResources\nPublished Research\nWhite Papers\nCase Studies\nWebinars\nPress\nBlog\nFAQs",
    "token_count_estimate": 1194
}