{
    "id": "ea81ac6d-a5eb-475f-bec6-5a322ea61eb7",
    "url": "file://www_onestep.co-resources-blogin-their-own-words-charles-onestep.html",
    "title": "www_onestep.co-resources-blogin-their-own-words-charles-onestep.html",
    "docAuthor": "no author found",
    "description": "No description found.",
    "docSource": "URL link uploaded by the user.",
    "chunkSource": "link://https://www.onestep.co/resources-blog/in-their-own-words-charles-onestep",
    "published": "10/16/2024, 4:43:44 PM",
    "wordCount": 296,
    "pageContent": "Request Demo\nIn Their Own Words: Charles & OneStep\nMarch 28, 2023\n\nJoin Charles And Thousands More Happy Patients And Start Your Online Physical Therapy With OneStep\n\nSchedule a Demo\nMy Experience with OneStep\nWritten by Charles Greer\n\n‍\nMy name is Charles Greer, and I’m 84 years old. I had both knees replaced in 2020 and two major back surgeries. Due to several years of severe back pain I had walked very little for about a year and a half before the surgeries. When I started PT after these surgeries I found that the geometry of my lower body had been changed but the operations and the muscles in my glutes, hips, legs and calves had atrophied. I was unable to walk any distance at all without a walker, was very shaky and unstable and my stride was jerky and uneven.\n\nI forced myself to start walking every day....a few hundred yards at first, then a half mile and now sometimes a mile. I started with a walker, went to a cane and a staff and now can walk without support. Early in this program I ran across OneStep and downloaded the app. I've found the app to be very, very useful. The analysis helps me to track the progress I'm making and trying to improve my scores motivates me to keep trying for more. The categories are well chosen and the app functions perfectly.\n\nI'm 84 and am finding it quite difficult to build muscle and add strength to my old body at this point. I am doing all the right things and making progress though and OneStep is helping to keep me moving.\n\n‍\nTo learn more about the OneStep app and how it can help you, click here\n\nFollow us\nGet our app\nCopyright OneStep 2024\n|\nTerms of Service\n|\nPrivacy Policy\n|\nHIPAA Notice\nProduct\nScience\nPlatform\nExperience\nSolutions\nDigital Health\nRTM\nFall Prevention\nO&P\nMSK Surgeries\nResearch\nFor Patients\nCompany\nAbout\nCareers\nContact\nResources\nPublished Research\nWhite Papers\nCase Studies\nWebinars\nPress\nBlog\nFAQs",
    "token_count_estimate": 443
}