{
    "id": "8d4f6b59-6f03-48dc-ada6-39032fccf80f",
    "url": "file://www_onestep.co-resources-blogincision-care-after-surgery.html",
    "title": "www_onestep.co-resources-blogincision-care-after-surgery.html",
    "docAuthor": "no author found",
    "description": "No description found.",
    "docSource": "URL link uploaded by the user.",
    "chunkSource": "link://https://www.onestep.co/resources-blog/incision-care-after-surgery",
    "published": "10/16/2024, 4:42:27 PM",
    "wordCount": 508,
    "pageContent": "Request Demo\nCaring For Your Incision After Surgery\nMay 3, 2023\n\nOffer your patients remote care options after surgery\n\nSchedule a Demo\n\nWound care after surgery is an important part of the healing process – and so is knowing what signs to look for that warrant a call to your doctor. Many people don’t know that caring for your incision doesn’t stop right after it is healed! Performing scar tissue massage comes with a wealth of benefits and it’s simple to do on your own. In this blog, we share the basics of acute wound care instructions and how to perform your own scar tissue massage.\n\nAcute wound care instructions  \n\nAfter surgery, your doctor will provide you with more specific instructions regarding how to care for your wound in its early stages. In general, it’s best to wear loose-fitting clothing, avoid aggravating the incision site, and keep the area clean by following the instructions on how to change your dressing as appropriate.\n\n‍\n\nCall your doctor right away if you notice:\n\nIncreased drainage or bleeding from the wound that won’t stop with direct pressure\nExcessive redness and/or warmth around the wound\nFoul odor or pus\nIncreased swelling around the wound (or pain and swelling of your calf)\nFever above 101.0°F or shaking chills\nShould I massage my scar once the incision heals?\n\nThe short answer, yes! Here’s how scar tissue massage helps:\n\nReduces the impact of scar tissue and will aid your recovery and function (excess scar tissue can make muscles stiff and weaker)\nIncreases joint range of movement and the scar’s flexibility (this makes movements feel less restrictive and “tight”)\nHelps regain feeling in the area and decreases numbness, tingling, and soreness\nHelps improve blood flow, which promotes healing\nDrains excess fluid to reduce swelling\nMay help with the appearance of your scar.\nHow to perform a scar tissue massage\n\nTo perform a scar tissue massage, you must wait for the incision to be completely healed. Once healed, follow these PT-approved steps:\n\nApply a non-perfumed Vitamin E lotion or oil to your scar area. Vitamin E is proven to help build collagen and massaging with lotion lubricates the skin, cutting down friction.\nUsing the pad of your thumb or finger, firmly massage in a circular motion. You should be pressing hard enough that your fingernail turns from pink to white, but it should not be painful. First, go up the scar clockwise, and work your way up and around your scar slowly while maintaining firm pressure. Switch it up by massaging counterclockwise. This will help to drain excess fluid from the area.\nNext, stretch the skin apart around your scar, and repeat the massaging with a firm circular motion using your thumb or finger.\nWith pressure, slowly slide your finger up the scar. Change direction by slowly sliding back down.\nRepeat the process several times for 5 minutes or so.\nYou may massage your scar for 10-15 minutes a day (our PTs recommend 2-3 times a day for 5 mins).\n\n‍\n\nWant to stay up to date with the latest patient resources? Follow OneStep on LinkedIn, Facebook, and Instagram!\n\nResources:\n\nScar Tissue Massage Instructions Download\n\nFollow us\nGet our app\nCopyright OneStep 2024\n|\nTerms of Service\n|\nPrivacy Policy\n|\nHIPAA Notice\nProduct\nScience\nPlatform\nExperience\nSolutions\nDigital Health\nRTM\nFall Prevention\nO&P\nMSK Surgeries\nResearch\nFor Patients\nCompany\nAbout\nCareers\nContact\nResources\nPublished Research\nWhite Papers\nCase Studies\nWebinars\nPress\nBlog\nFAQs",
    "token_count_estimate": 758
}