{
    "id": "56f787ba-7746-43fe-b2ef-eb9ad0efa0ca",
    "url": "file://www_onestep.co-resources-bloggift-ideas-for-loved-ones-after-surgery-chronic-conditions.html",
    "title": "www_onestep.co-resources-bloggift-ideas-for-loved-ones-after-surgery-chronic-conditions.html",
    "docAuthor": "no author found",
    "description": "No description found.",
    "docSource": "URL link uploaded by the user.",
    "chunkSource": "link://https://www.onestep.co/resources-blog/gift-ideas-for-loved-ones-after-surgery-chronic-conditions",
    "published": "10/16/2024, 4:43:35 PM",
    "wordCount": 483,
    "pageContent": "Request Demo\n9 Gift Ideas For Loved Ones After Surgery or Navigating Chronic Conditions\nApril 21, 2023\n\nStay up to date with the latest patient resources!\n\nSchedule a Demo\n\nThe holidays are here and you may be making your list and checking it twice, trying to figure out what to get your loved ones. Buying the perfect gift can be difficult, especially for someone who is taking it easy or bed-bound. Check out these ideas below if you need to find a gift for someone who has just had surgery or is dealing with a chronic health condition:\n‍\n\n1) Cozy blankets.\n\nYou can’t go wrong with a soft cozy blanket to wrap around yourself and relax (especially if wearing soft PJ’s). Surrounding yourself in comfort dampens the ‘flight or fight’ part of your nervous system and can decrease sensations of pain. Consider a weighted blanket for people who struggle with anxiety or have restless leg syndrome. \n\n‍\n\n2) Soft Pajamas.\n\nAs referenced above, soft PJ’s can be very soothing. Look for PJ’s with soft seams and tagless options to reduce skin irritation. \n\n‍\n\n3) Warm, fuzzy socks or slippers.\n\nWarm feet = a warm heart! Look for socks or slippers with non-skid strips or rubber soles to reduce slips!  \n‍\n\n\n4) Deliver a warm meal to their home.\n\nConsider options such as a Doordash gift card or online meal and soup delivery companies that will also deliver right to their doorstep. \n\n‍\n\n5) Aromatherapy heating pad/gel cold packs.\n\nThe options are endless here. You can order homemade heating pads from Etsy or choose other online retailers for a larger selection. Some gel or clay packs can be used for both hot and cold and may be a better option for someone recovering from surgery. \n\n‍\n\n6) Adult coloring books and colored pencils.\n\nThis really is a good, relaxing activity that can distract one’s mind from the pain and discomfort associated with surgery or illness and help create a sense of calm. \n\n‍\n\n7) Humidifier.\n\nSome humidifiers can accommodate essential oil additives and are helpful for people suffering from congestion or headaches. Oftentimes these can double as a white noise machine and both can contribute to improved sleep. Better sleep is directly associated with recovery. \n‍\n\n\n8) Air filter.\n\nChoose a brand that uses HEPA filters to remove small particulates like some viruses. People who have respiratory problems will benefit from cleaner air free of dust and animal dander. Like humidifiers, air filters can also double as a white noise machine and help improve sleep quality. \n\n‍\n\n9) White noise machine for better sleep.\n\nThis is a great gift that people may not buy for themselves. As noted above, better sleep will improve recovery times so anything that improves the quality of sleep gets a gold star in our book. Consider a travel size option so they never have to be without it! \n\n‍\n\n\n\n\nWant to stay up to date with the latest patient resources? Follow OneStep on LinkedIn, Facebook, and Instagram!\n\n‍\n\nFollow us\nGet our app\nCopyright OneStep 2024\n|\nTerms of Service\n|\nPrivacy Policy\n|\nHIPAA Notice\nProduct\nScience\nPlatform\nExperience\nSolutions\nDigital Health\nRTM\nFall Prevention\nO&P\nMSK Surgeries\nResearch\nFor Patients\nCompany\nAbout\nCareers\nContact\nResources\nPublished Research\nWhite Papers\nCase Studies\nWebinars\nPress\nBlog\nFAQs",
    "token_count_estimate": 734
}