{
    "id": "8a581a3c-eacb-4845-bb5b-dfc8d6844c4d",
    "url": "file://www_onestep.co-resources-blogphysical-therapist-flexibility-digital-health-solutions.html",
    "title": "www_onestep.co-resources-blogphysical-therapist-flexibility-digital-health-solutions.html",
    "docAuthor": "no author found",
    "description": "No description found.",
    "docSource": "URL link uploaded by the user.",
    "chunkSource": "link://https://www.onestep.co/resources-blog/physical-therapist-flexibility-digital-health-solutions",
    "published": "10/16/2024, 4:42:22 PM",
    "wordCount": 216,
    "pageContent": "Request Demo\nPhysical Therapists Are Looking for More Career Flexibility via Digital Solutions\nMay 3, 2023\nSchedule a Demo\nA survey by OneStep sheds light on career satisfaction and the applications of digital health technology to mitigate burnout\n\n‍\n\nNotable findings:\n\n57.4% of respondents reported rigid schedules and lack of flexibility in their careers were the most dissatisfying parts of their day\n48.7% of respondents reported that they would describe themselves as feeling burned out in their current role.\n55.7% of respondents said they have searched for non-clinical roles in order to improve career satisfaction.\n59.1% of respondents said they are applying to telehealth or remote care job postings. This finding is consistent with what digital health employers are experiencing. \n67% of respondents reported that seeing patients reach their goals brought satisfaction to their day. \n70.4% of respondents said that treating and educating patients was another satisfying part of their day. \nOf those using digital solutions in their PT practice, 44.3% reported more career flexibility and better work-life balance.\n30.4% of respondents said that they do not feel properly prepared or educated enough in regard to digital solutions or telehealth.\n\n‍\n\nFor more information about these findings and how digital solutions can help mitigate physical therapist burnout, read the full article published in Healthcare Business Today.\n\n‍\n\nFollow us\nGet our app\nCopyright OneStep 2024\n|\nTerms of Service\n|\nPrivacy Policy\n|\nHIPAA Notice\nProduct\nScience\nPlatform\nExperience\nSolutions\nDigital Health\nRTM\nFall Prevention\nO&P\nMSK Surgeries\nResearch\nFor Patients\nCompany\nAbout\nCareers\nContact\nResources\nPublished Research\nWhite Papers\nCase Studies\nWebinars\nPress\nBlog\nFAQs",
    "token_count_estimate": 376
}