{
    "id": "a34357e1-99e4-4d78-8c8d-f5aec355787e",
    "url": "file://www_onestep.co-postrange-of-motion-after-knee-replacement-surgery.html",
    "title": "www_onestep.co-postrange-of-motion-after-knee-replacement-surgery.html",
    "docAuthor": "no author found",
    "description": "No description found.",
    "docSource": "URL link uploaded by the user.",
    "chunkSource": "link://https://www.onestep.co/post/range-of-motion-after-knee-replacement-surgery",
    "published": "10/16/2024, 4:43:58 PM",
    "wordCount": 26,
    "pageContent": "Request Demo\n404 - We couldn't find this page\nBack to Homepage\nFollow us\nGet our app\nCopyright OneStep 2024\n|\nTerms of Service\n|\nPrivacy Policy\n|\nHIPAA Notice\nProduct\nScience\nPlatform\nExperience\nSolutions\nDigital Health\nRTM\nFall Prevention\nO&P\nMSK Surgeries\nResearch\nFor Patients\nCompany\nAbout\nCareers\nContact\nResources\nPublished Research\nWhite Papers\nCase Studies\nWebinars\nPress\nBlog\nFAQs",
    "token_count_estimate": 106
}