{
    "id": "f3741123-91f8-4896-ba51-8f89c1399ef7",
    "url": "file://www_onestep.co-providershome-health.html",
    "title": "www_onestep.co-providershome-health.html",
    "docAuthor": "no author found",
    "description": "No description found.",
    "docSource": "URL link uploaded by the user.",
    "chunkSource": "link://https://www.onestep.co/providers/home-health",
    "published": "10/16/2024, 4:41:30 PM",
    "wordCount": 416,
    "pageContent": "Request Demo\n\nOneStep For Home Health Providers\n\n\nReduce adverse events with proactive fall risk detection\n\nUnprecedented patient insight with real-time fall risk and change of status notifications that help to quickly identify high-risk patients and triage care for proactive intervention and better resource utilization.\n\n\nGet in Touch\nWhy partner with OneStep\nReceive real-time fall risk and change of status notification\n\nReceive real-time fall risk and change of status notifications to intervene proactively and reduce falls, readmissions, and adverse events while improving outcomes.\n\n\nPrioritize patients based on clinical presentation and need\n\nTriage care to patients according to highest risk and individual need for more efficient resource utilization, visit management, and scheduling.\n\n\nImprove quality metrics in a value-based purchasing model\n\nReduce denials and demonstrate value to protect and grow your revenue while also boosting Star ratings with objective and patient-reported data that strengthens documentation.\n\n\nStrengthen and streamline documentation\n\nUse OneStep’s continuous data and report generation to gain insight into patient trends, progress, and objective outcomes necessary for complete reassessment – all of which can be integrated into EHR systems.\n\n\nAccess unprecedented patient insight and stay connected\n\nCollect patient-reported outcome measures and objective assessments completed in-app as well as track adherence for the most holistic patient view that lets you stay connected from anywhere.\n\nThe right package for your needs\n\nOneStep Science\nOneStep Hybrid\nMonitor your patients to show your device's impact and improve outcomes\n\nExclusive 24/7 smartphone motion lab\n\nAccess to clinician web dashboard\n\nMeasure daily activities: walking, running, stairs\n\nEMR integration\n\nStandard PT tests: TUG, STS, 6-min walk, ROM\n\n24/7 chat with patient alerts\n\nFunctional surveys: standard and customized\n\nStaff training and ongoing support\n\nGetting started with OneStep is easy\n1\nSet up your OneStep account\n\nWhen you partner with OneStep, we’ll help you set up your account with your name, image and personalized settings.\n\n\n2\nSend your join code to patients\n\nYour patients will use this code upon signing up for OneStep, which will automatically link them to your account.\n\n\n3\nAccess patients' recovery data\n\nEasily track your patients recovery from the OneStep Clinc interface.\n\n\nPowerful science at your fingertips\n\nOneStep’s first-of-its-kind technology was designed to bring you clinically accurate data using only patients’ smartphones, allowing practitioners to adjust recovery protocols based on real-time demonstrated progress.\n\nLearn More\n9 in 10\n\nmembers consider OneStep to be essential to their recovery.\n\n\n72%\n\ncomplete their full course of care, with industry-high adherence and compliance.\n\n\n93%\n\nsuccessfully achieve their therapy goal, and report reduced pain, increased mobility and better quality of life.\n\n\n4X\n\nincrease in therapist efficiency for PTs using OneStep, allowing more patients to be treated, more effectively.\n\n\nReady to differentiate your care?\n\nContact us today to learn more about partnering with OneStep.\n\n\nGet in Touch\nFollow us\nGet our app\nCopyright OneStep 2024\n|\nTerms of Service\n|\nPrivacy Policy\n|\nHIPAA Notice\nProduct\nScience\nPlatform\nExperience\nSolutions\nDigital Health\nRTM\nFall Prevention\nO&P\nMSK Surgeries\nResearch\nFor Patients\nCompany\nAbout\nCareers\nContact\nResources\nPublished Research\nWhite Papers\nCase Studies\nWebinars\nPress\nBlog\nFAQs",
    "token_count_estimate": 685
}