{
    "id": "c967b2b0-3a32-4a9f-84bb-29bebb56afb7",
    "url": "file://www_onestep.co-resourceswhite-papers.html",
    "title": "www_onestep.co-resourceswhite-papers.html",
    "docAuthor": "no author found",
    "description": "No description found.",
    "docSource": "URL link uploaded by the user.",
    "chunkSource": "link://https://www.onestep.co/resources/white-papers",
    "published": "10/16/2024, 4:41:41 PM",
    "wordCount": 152,
    "pageContent": "Request Demo\nWhite Papers\n\nDeeper insight and unique guidance from OneStep on remote care and motion analysis\n\n\nOct 08, 2024\nNavigating the future of healthcare: Your roadmap to remote therapeutic monitoring (RTM)\n\nExplore everything you need to know about Remote Therapeutic Monitoring (RTM). Learn the basics, uncover the benefits, and discover practical uses......\n\nJul 09, 2024\nTransforming Care in Senior Living\n\nOur playbook offers an in-depth exploration of the intersection of technology and senior care. Crafted with the expertise of senior living leaders and digital health professionals......\n\nAug 02, 2023\nAutomating Fall Risk Assessment with OneStep: Intervene in Time\n\nOneStep's fall risk assessment technology proves to be a specific and sensitive tool that helps identify high risk patients and empowers proactive care....\n\nNov 01, 2022\nLeveraging remote care to improve clinic efficiencies and relieve staffing challenges\n\nOneStep’s empowers patient care to transcend in-person visits with highly efficient remote care workflows....\n\nFollow us\nGet our app\nCopyright OneStep 2024\n|\nTerms of Service\n|\nPrivacy Policy\n|\nHIPAA Notice\nProduct\nScience\nPlatform\nExperience\nSolutions\nDigital Health\nRTM\nFall Prevention\nO&P\nMSK Surgeries\nResearch\nFor Patients\nCompany\nAbout\nCareers\nContact\nResources\nPublished Research\nWhite Papers\nCase Studies\nWebinars\nPress\nBlog\nFAQs",
    "token_count_estimate": 301
}