{
    "id": "5baba270-47a7-4401-b1a5-42657aac9709",
    "url": "file://www_onestep.co-resources-blogempowering-wellness-fairs-in-senior-living-communities-with-onestep.html",
    "title": "www_onestep.co-resources-blogempowering-wellness-fairs-in-senior-living-communities-with-onestep.html",
    "docAuthor": "no author found",
    "description": "No description found.",
    "docSource": "URL link uploaded by the user.",
    "chunkSource": "link://https://www.onestep.co/resources-blog/empowering-wellness-fairs-in-senior-living-communities-with-onestep",
    "published": "10/16/2024, 4:42:08 PM",
    "wordCount": 700,
    "pageContent": "Request Demo\nEmpowering wellness fairs in senior living communities with OneStep\nSeptember 17, 2024\n\nLearn more about wellness fairs powered by OneStep's motion technology\n\nSchedule a Demo\n\nWellness fairs are becoming an essential part of senior living communities. These events not only foster a sense of community but also provide residents with access to a wide range of healthcare services in a single, accessible setting. They focus on prevention, early detection, and helping older adults maintain a high quality of life.\n\nOneStep plays a crucial role in empowering these wellness fairs by providing a quick and accurate way for clinicians to screen residents for mobility declines and fall risk. With OneStep, these professionals have the tools they need to identify mobility issues before they become serious, helping to keep residents safe, active, and engaged in their healthcare.\n\nPreventing functional declines starts with routine screening\n\nGait and mobility are key indicators of overall health in senior populations. As residents age, maintaining mobility becomes increasingly important for preserving independence and reducing the risk of falls, which are a leading cause of injury among older adults. A reduction of gait speed by just 0.1 m/s has been show to increase the risk of falls by 7% and the risk of mortality by 20%.\n\nOneStep offers an innovative solution by allowing nursing and therapy staff to assess a resident’s gait and overall mobility using only a smartphone, in just a few seconds. This technology transforms what could be a cumbersome process into a simple, non-invasive screening that can be conducted on-site during a wellness fair. With routine gait and mobility screening, OneStep enables clinicians to intervene sooner with greater precision — for the most personalized and proactive approach possible.\n\nA holistic approach — OneStep to Wellness by Nye Health Services\n\nNye Health Services is using OneStep to take their holistic wellness fairs to the next level. At Nye, the wellness fair is more than just a series of screenings; it’s an immersive experience that addresses the full spectrum of a resident’s health needs.\n\nAt these monthly wellness fairs, residents receive thorough, head-to-toe health checkups designed to keep them feeling their best. Nursing staff not only review medications but also measure key health markers like blood pressure and blood sugar, giving residents valuable insight into their cardiovascular and metabolic well-being. Meanwhile, a registered dietician provides personalized nutrition advice, helping residents craft a plan that supports both their current health and long-term goals.\n\nOneStep takes these assessments to the next level by focusing on mobility. Using advanced motion intelligence tools, therapists evaluate each resident’s gait, mobility, and fall risk with objective tests like gait analysis, Timed-Up-and-Go, and 30-second Sit-To-Stand. These insights allow the therapy team to create tailored interventions that improve mobility and independence. By combining nutrition, mobility, and chronic disease management, these wellness fairs ensure every aspect of a resident’s health is supported.\n\nInspiring engagement and active participation\n\nWellness fairs do more than just provide healthcare services — they inspire residents to take an active role in their own health. The simplicity and accessibility of OneStep’s technology make it easy for residents to engage with their mobility health, while the broader scope of the wellness fair encourages them to consider other aspects of their wellbeing and lead a healthy lifestyle.\n\nBy integrating mobility screening into the wellness fair, OneStep helps create a culture of proactive health management within senior living communities. Residents are empowered to understand and monitor their health in a supportive environment, surrounded by peers and professionals who are dedicated to their well-being.\n\nThe future of senior wellness — tech-driven care\n\nOneStep’s role in wellness fairs highlights the powerful synergy between technology and healthcare. By making it easy to screen for mobility declines and fall risk, OneStep empowers nursing and therapy staff to deliver proactive, personalized care. At Nye Health Services, this partnership takes center stage. By leveraging OneStep’s technology, Nye elevates their holistic wellness fairs, ensuring comprehensive health evaluations that include the 6th vital sign — gait.\n\nNye’s embrace of cutting-edge solutions like OneStep underscores their commitment to improving resident health and well-being. Their innovative approach sets a new standard in senior care, making them a leader in enhancing quality of life for their residents.\n\n‍\n\nFollow us\nGet our app\nCopyright OneStep 2024\n|\nTerms of Service\n|\nPrivacy Policy\n|\nHIPAA Notice\nProduct\nScience\nPlatform\nExperience\nSolutions\nDigital Health\nRTM\nFall Prevention\nO&P\nMSK Surgeries\nResearch\nFor Patients\nCompany\nAbout\nCareers\nContact\nResources\nPublished Research\nWhite Papers\nCase Studies\nWebinars\nPress\nBlog\nFAQs",
    "token_count_estimate": 964
}