{
    "id": "3ee67228-c73f-4b68-bfdf-c31d149d7f85",
    "url": "file://www_onestep.co-resources-blogphysical-therapy-key-terms.html",
    "title": "www_onestep.co-resources-blogphysical-therapy-key-terms.html",
    "docAuthor": "no author found",
    "description": "No description found.",
    "docSource": "URL link uploaded by the user.",
    "chunkSource": "link://https://www.onestep.co/resources-blog/physical-therapy-key-terms",
    "published": "10/16/2024, 4:43:21 PM",
    "wordCount": 1312,
    "pageContent": "Request Demo\nPhysical Therapy Key Terms\nOctober 6, 2022\n\nStart Your Recovery With OneStep - Get 14 Day Free Trial\n\nSchedule a Demo\n\nWhen starting your recovery journey, you may find yourself overwhelmed by new words you have never heard before. From terms that describe movement to exercise concepts, it’s important to have a solid working definition so that you can fully understand your plan of care. We’ve put together our top list of terms that are used clinically for you to reference as needed. Also, if there is ever a word you don’t understand make sure to speak up and ask your PT - they’d be more than happy to explain!\n\n\n\nGeneral PT Terms and Definitions\n‍\n\nOrthopedic: a specialty that focuses on treating disorders of the musculoskeletal system which is primarily made up of bones, muscles, ligaments, and joints.\n\nNeurologic: a specialty that focuses on treating disorders of the nervous system (the brain, nerves, spinal cord, and more).\n\n\nMovements & Positions\n‍\n\nRange of Motion: the ability of a joint to move over a given distance (measured in degrees) and in a particular direction (ex: flexion or extension).\n\n‍Passive Range of Motion: when a PT or special device moves your joints or limbs for you without your effort or help.‍\n\nActive Assisted Range of Motion: when you contract your muscles along with a PT or device that is also assisting with the movement.\n\nActive Range of Motion: when you move your joints without help from anyone or anything.\n\nExtension: straightening or “unbending” of a body part, such as when you straighten your elbow and rest your arm at your side (clinically, extension increases the joint angle measured between two bones).\n\nFlexion: “bending” of a body part, such as lifting your hand to your mouth by bending at the elbow joint (clinically, flexion decreases the joint angle measured between two bones).\n\nImage demonstrating elbow flexion and extension\n\n\nAbduction (Away): movement of a limb out to the side, away from the body, specifically away from midline (ex: like making a snow angel).\n\nAdduction (Toward): movement of a limb towards the body, specifically towards midline.\n\nImage demonstrating shoulder abduction and adduction\n\nInternal rotation: rotation of a joint in the direction towards the body (ex: reaching your hands into your back pants pocket or folding your arms across your chest is done by internally rotating at the shoulder joints).\n\nExternal rotation: rotation of a joint in the direction away from the body (ex: raising your arms in the shape of a football goal post or bringing your hands out to the side to hold a jump rope is done by externally rotating at the shoulder joints).\n\nImage demonstrating shoulder rotation\n\n\nHypermobility: the ability of a joint to move beyond the typical range or demonstrate excessive motion.\n\nHypomobility: a decrease in the ability of a joint to move within its typical range (ex: when a muscle is too tight, structural changes such as with arthritis, or other joint restrictions that don’t allow typical movement to occur).\n‍\n\nImage demonstrating hook lying position\n\nSupine: laying on your back (face up).\n\nProne: laying on your stomach (face down).\n\nHook Lying: laying on your back with your knees bent and feet flat.\n\n\nMuscle Strengthening & Flexibility\n‍\n\nIsometric: an exercise typically used to retrain the muscle after surgery or in an effort to limit movement that is performed by contracting the muscle while holding still or pressing against something stable, such as a wall or table (ex: quad set, glute set).\n\nConcentric: when a muscle contracts while it is shortening (ex: performing a bicep curl causes the bicep muscle to shorten and you can see the muscle bulge as a result of shortening).\n\nEccentric: when a muscle contracts while it is lengthening, typically to control movement with the force of gravity (ex: the lowering phase of a bicep curl, or the step down phase of going down stairs).\n\nProgressive Overload: gradually increasing the weight, repetitions, volume, or intensity of your workout so that your muscles adapt and increase in strength/endurance capabilities.\n\nMuscle Flexibility: how limber, or free a muscle is to move allowing joints the ability to move throughout their typical range of motion unrestricted.\n\nMuscle Tone: typically most relevant with patients who have neurological diagnoses, the amount of tension on a muscle or its resistance to movement\n\nIncreased Tone: increased resistance to movement that can result in stiffness and difficulty moving through a full range of motion.\n\nDecreased Tone: decreased resistance to movement that can result in decreased joint stability and muscle atrophy/loss of strength.\n\n\nGait & Balance\n‍\n\nGait: the way in which you walk.\n\nBalance: the ability to maintain your body, specifically your center of mass, within your base of support.\n\nBase of Support: where your body makes contact with the surface below you (ex: your feet on the ground).\n\nImage demonstrating base of support\n\nMotor Control: how you initiate, facilitate, and control intentional movement (involves how the nervous system and the musculoskeletal system work together to create purposeful movement).  \n\nInstability: often used when describing an unsteady gait or when referring to balance; refers to difficulty in maintaining balance, coordination, or control of the body that may result in falls.\n\nWeight Shifting: transferring your weight from one side of your body to the other (can be side to side, forward and backward, diagonal).\n\n\nSurgical\n‍\n\nSurgical Precautions: rules to follow after a given surgery to protect the surgical site and allow for proper healing (ex: posterior hip precautions involve not hip flexion past 90 degrees to prevent dislocation of the new hip prosthesis).\n\nRehab Protocol: a specific timeline that outlines the appropriate progression of movement and exercises typically after a given surgery or injury for safe and optimal recovery.\n\nWeight Bearing: accepting body weight through your extremities (can be legs or arms depending on the position but most commonly refers to standing positions).\n\nWeight Bearing Status: the amount of body weight you are allowed to bear through a given body part (typically your legs) after a surgery.\n\nNon-weight Bearing: you are not allowed to put any weight on a given extremity (ex: if your right leg is non weight bearing you cannot stand on it or ambulate without the use of an assistive device to keep the leg hovering above the ground).\n\nPartial Weight Bearing: a specified amount of weight you are allowed to bear through an extremity that is not full weight bearing (ex: 50% weight bearing indicates you are only allowed to bear half of your body weight through the injured extremity, often using an assistive device to help offload the weight).\n\nWeight Bearing As Tolerated: you are allowed to bear weight through a given extremity as much as you are able to tolerate without specific restriction.\n\n\nBody Structures\n‍\n\nLigament: tissue that connects a bone to another bone.\n\nTendon: tissue that connects a muscle to a bone.\n\nJoint: where two or more bones meet in the body and where movement occurs.\n\nSprain: an injury to a ligament.\n\nStrain: an injury to a muscle or muscle tendon.\n\nVertebrae: the bones that make up the spinal column and run vertically down the back.\n\nCervical Spine: the part of your spine that makes up your neck and consists of 7 cervical vertebrae.\n\nThoracic Spine: the part of your spine that makes up your upper back and consists of 12 thoracic vertebrae.\n\nLumbar Spine: the part of your spine that makes up your lower back and consists of 5 lumbar vertebrae.\n\nImage demonstrating curves of the spine\n\nKyphosis: an outward curve of the spine (excessive kyphosis results in an excessively round upper back).\n\nLordosis: an inward curve of the spine (see the above image and note the cervical and lumbar spine both demonstrate lordosis).\n\nScoliosis: when the spine curves in a sideways direction.\n\n‍\n\nFeel free to refer to this list whenever you come across a physical therapy term you’re unsure of. Want to learn more? Download the OneStep Digital Physical Therapy app to consult with a licensed physical therapist who can not only walk you through all the lingo, but get you started on your recovery or wellness journey today right from your own home using just your phone.\n\n‍\n\n‍\n\n‍\n\n‍\n\n‍\n\nReferences:\n\nMerriam-Webster, 2022. Accessed February 8, 2022.\n\n‍\n\nFollow us\nGet our app\nCopyright OneStep 2024\n|\nTerms of Service\n|\nPrivacy Policy\n|\nHIPAA Notice\nProduct\nScience\nPlatform\nExperience\nSolutions\nDigital Health\nRTM\nFall Prevention\nO&P\nMSK Surgeries\nResearch\nFor Patients\nCompany\nAbout\nCareers\nContact\nResources\nPublished Research\nWhite Papers\nCase Studies\nWebinars\nPress\nBlog\nFAQs",
    "token_count_estimate": 1882
}