{
    "id": "2544b273-7e87-4ca9-ba62-ecb88828484a",
    "url": "file://www_onestep.co-resources-blogexercises-low-back-pain-sciatica.html",
    "title": "www_onestep.co-resources-blogexercises-low-back-pain-sciatica.html",
    "docAuthor": "no author found",
    "description": "No description found.",
    "docSource": "URL link uploaded by the user.",
    "chunkSource": "link://https://www.onestep.co/resources-blog/exercises-low-back-pain-sciatica",
    "published": "10/16/2024, 4:43:12 PM",
    "wordCount": 530,
    "pageContent": "Request Demo\n5 Exercises for Low Back Pain and Sciatica\nMarch 28, 2023\n\nTry our low back pain and sciatic pain exercises today\n\nSchedule a Demo\n\nWe’ve put together a list of our 5 favorite exercises for low back pain and sciatic pain. Remember to always consult with your doctor or physical therapist before starting a new exercise program, to make sure you’re performing the best exercises for you!\n‍\n\n‍\n\nProne Prop on Elbows\n\nEquipment required: floor mat\n1. Lie on your stomach. Place your palms down flat next to you below your shoulders, with your elbows bent behind you.\n2. Slowly press up to lift your chest off the ground keeping your elbows bent.\n3. When starting, hold for 10 seconds, then lower back down. Repeat 5-6 times. As this becomes easier, increase the duration of your hold to 30 seconds, then 60 seconds.\n\n‍\n\n‍\n\nSeated Figure Four Stretch\n\nEquipment required: sturdy chair\n1. Sit on a chair, and cross your ankle over the opposite knee.\n2. Use your hand to lightly push down at the raised knee.\n3. Maintaining a flat black, hinge at the hips and lean forward for a stronger stretch. You should feel the stretch along the back of your raised thigh, hip, and buttocks.\n4. Hold for 30 seconds and repeat 3 times, then switch legs.\n\n‍\n\n‍\n\nSciatic Nerve Glide\n\nEquipment required: sturdy chair\n1. Sit up straight in a chair, keeping your back straight.\n2. Maintain one foot on the floor, and extend the opposite leg at the knee so it is out in front of you.\n3. Bring your toes up towards the ceiling, then back down towards the floor.\n4. Repeat for about 15 repetitions, then switch to the opposite leg.\n5. If this is painful, increase the bend in your knee so it is not as straight.\n\n‍\n\nHip Hinge\n\nEquipment required: cane or broom\n1. Begin standing upright, gripping a broom or cane behind your back along your spine to help cue yourself to keep your back straight.\n2. With a straight back, hinge at the hips and bend forward. It may help to think about sending your hips backward as you hinge forward.\n3. Hold in this position for 2 seconds, then rise back up and repeat for about 10 repetitions or until you feel muscle fatigue in your glute and hamstrings.\n4. Make sure to keep your back straight by engaging your buttocks and core. Try to relax your shoulders and neck throughout the movement.\n\n‍\n\nTriple Extension (hip extension, knee extension, plantar flexion)\n\nEquipment required: wall\n1. Stand facing arm's length away from a wall, with your legs hip-width apart. Lean on the wall with your hands for support.\n2. Lift one leg toward your chest while lifting onto the heel of your standing foot.\n3. Hold for 2 seconds, then lower back down and repeat for about 10 repetitions or until you feel muscle fatigue, then switch and perform on the opposite side.\n\n‍\n\n‍\n\nLove these exercises and looking for more? You can check out our youtube channel for exercise videos and helpful tips from our very own licensed PTs! For a more personal approach, connect with our PTs directly by downloading the OneStep Digital Physical Therapy app to get started with a customized exercise program designed just for you.\n\n‍\n\nFollow us\nGet our app\nCopyright OneStep 2024\n|\nTerms of Service\n|\nPrivacy Policy\n|\nHIPAA Notice\nProduct\nScience\nPlatform\nExperience\nSolutions\nDigital Health\nRTM\nFall Prevention\nO&P\nMSK Surgeries\nResearch\nFor Patients\nCompany\nAbout\nCareers\nContact\nResources\nPublished Research\nWhite Papers\nCase Studies\nWebinars\nPress\nBlog\nFAQs",
    "token_count_estimate": 812
}