{
    "id": "000649e7-7887-4b7f-bff1-070e0435a1db",
    "url": "file://www_onestep.co-welcomertm-playbook.html",
    "title": "www_onestep.co-welcomertm-playbook.html",
    "docAuthor": "no author found",
    "description": "No description found.",
    "docSource": "URL link uploaded by the user.",
    "chunkSource": "link://https://www.onestep.co/welcome/rtm-playbook",
    "published": "10/16/2024, 4:43:48 PM",
    "wordCount": 205,
    "pageContent": "Request Demo\nNavigate the future of healthcare with ease using OneStep’s guide to Remote Therapeutic Monitoring (RTM)\nDownload your copy today to unlock patient insights and new revenue\nWhat's Inside?\nGet to know the codes: RTM 101 — what is it?\nDive into the benefits: The true value of RTM\nHow to implement RTM: use cases across diverse healthcare settings\nSelect a solution with confidence: How to choose the right RTM vendor\nUnderstand RTM in practice: Introduction to billing and documentation\nAbout the Guide\n\nThe OneStep RTM Guide is your essential resource for unlocking the full potential of Remote Therapeutic Monitoring (RTM). Inside, you'll explore how RTM is transforming healthcare across various settings. The guide offers valuable tips for selecting the right RTM vendor and introduces key topics like billing and documentation — providing a solid foundation for understanding RTM and discovering key steps for getting started easily.\n\nWhether you're new to RTM or looking to enhance your strategy, this guide will empower you to elevate patient care, grow your revenue, and streamline operations.\n\nFill out the form to download our playbook and begin your journey towards a digitally enhanced future in senior care.\nFull name\nEmail address\nPhone Number\nWhat best describes me\nSelect one...\nPatient\nProvider\nOther\nMessage\nFollow us\nGet our app\nCopyright OneStep 2024\n|\nTerms of Service\n|\nPrivacy Policy\n|\nHIPAA Notice\nProduct\nScience\nPlatform\nExperience\nSolutions\nDigital Health\nRTM\nFall Prevention\nO&P\nMSK Surgeries\nResearch\nFor Patients\nCompany\nAbout\nCareers\nContact\nResources\nPublished Research\nWhite Papers\nCase Studies\nWebinars\nPress\nBlog\nFAQs",
    "token_count_estimate": 358
}