{
    "id": "8610c848-62a6-494b-886d-2d5a53c0e9f6",
    "url": "file://www_onestep.co-resources-blogwelcoming-holly-bossert-onesteps-new-vp-of-sales.html",
    "title": "www_onestep.co-resources-blogwelcoming-holly-bossert-onesteps-new-vp-of-sales.html",
    "docAuthor": "no author found",
    "description": "No description found.",
    "docSource": "URL link uploaded by the user.",
    "chunkSource": "link://https://www.onestep.co/resources-blog/welcoming-holly-bossert-onesteps-new-vp-of-sales",
    "published": "10/16/2024, 4:42:07 PM",
    "wordCount": 476,
    "pageContent": "Request Demo\nWelcoming Holly Bossert, OneStep's new VP of Sales!\nSeptember 18, 2024\n\nLearn more about digital care powered by motion intelligence today\n\nSchedule a Demo\n\nWe’re excited to announce that Holly Bossert has joined OneStep as our new Vice President of Sales. With a passion for improving lives and a proven track record in transforming sales teams, Holly is set to lead our sales strategy as we continue to innovate in rehabilitation, senior living, and beyond.\n\n‍\n\nWhy OneStep?\n\nHolly was drawn to OneStep by our commitment to creating tools that make a real difference. “What excites me most about working with OneStep is the chance to directly contribute to improving the quality of life for people in need of rehabilitation and care,” she shared. Her alignment with our mission of enhancing care delivery across diverse healthcare settings - from senior living to outpatient rehab and beyond - makes her a natural fit for our team.\n\n‍\n\nA Fresh Approach to Sales\n\nAt \"Your Sales Prophet,\" Holly developed a coaching style that’s all about micro-learnings and targeted reinforcement, helping sales teams master skills over time rather than in one overwhelming session. She’s bringing this innovative approach to OneStep, ready to grow our sales team and strengthen our connections with customers.\n\n‍\n\nTrust and Transformation\n\nIn Holly’s eyes, trust is the cornerstone of successful sales, especially in healthcare. “You must sell with transparency, empathy, and integrity,” she emphasized. This philosophy will guide her strategy as she works to build lasting, trust-based relationships with our customers.\n\n‍\n\nProven Track Record\n\nPrior to joining OneStep, Holly played a pivotal role in transforming sales teams and driving growth at Culture Amp and Press Ganey, where she led initiatives that significantly shortened sales cycles and boosted ARR. Her experience with consultative selling and SaaS platforms will be instrumental as she shapes the future of OneStep’s sales strategy.\n\n‍\n\nBeyond the Office\n\nWhen she’s not driving sales strategy, Holly finds peace in spending time with her horses, a lifelong passion. She’s also an avid traveler, always eager to explore new places and cultures. This blend of focus and curiosity fuels her dedication to making a difference, both in her career and in her personal life.\n\n‍\n\nThe Future of Digital Health\n\nLooking ahead, Holly sees digital and remote care technologies, like OneStep’s platform, playing a pivotal role in healthcare. “Our ability to track and personalize care could allow individuals to live independently for longer, improving quality of life across various care settings,” she noted, highlighting OneStep’s potential to be at the forefront of this evolution.\n\n‍\n\nMoving Forward\n\nWith Holly at the helm, OneStep is ready to elevate our sales strategy, drive growth, and continue our mission of transforming healthcare with cutting-edge technology. We’re thrilled to have her on board and look forward to what we’ll achieve together.\n\n‍\n\nStay tuned for more updates as we continue to innovate in the healthcare space.\n\n‍\n\nFollow us\nGet our app\nCopyright OneStep 2024\n|\nTerms of Service\n|\nPrivacy Policy\n|\nHIPAA Notice\nProduct\nScience\nPlatform\nExperience\nSolutions\nDigital Health\nRTM\nFall Prevention\nO&P\nMSK Surgeries\nResearch\nFor Patients\nCompany\nAbout\nCareers\nContact\nResources\nPublished Research\nWhite Papers\nCase Studies\nWebinars\nPress\nBlog\nFAQs",
    "token_count_estimate": 703
}