{
    "id": "2205639e-4e14-4532-a244-1b6c7ac82cf1",
    "url": "file://www_onestep.co-resources-blogwhy-do-strong-quads-matter.html",
    "title": "www_onestep.co-resources-blogwhy-do-strong-quads-matter.html",
    "docAuthor": "no author found",
    "description": "No description found.",
    "docSource": "URL link uploaded by the user.",
    "chunkSource": "link://https://www.onestep.co/resources-blog/why-do-strong-quads-matter",
    "published": "10/16/2024, 4:43:38 PM",
    "wordCount": 306,
    "pageContent": "Request Demo\nWhy Do Strong Quads Matter?\nApril 21, 2023\n\nStay up to date with the latest patient resources!\n\nSchedule a Demo\nThe quads are naturally the most powerful muscle group in the body. However, injury or surgery can impair mobility in the area. Keeping your quads strong are a key part of recovery and healthy mobility.\n\n‍\n\nSo, what are the quads?\n\nThe quads are a group of four muscles located at the front part of your thigh. Their primary role is to extend (straighten) your knees and assist in flexing the hip. They are essential for a lot of functions such as:\n‍\n• Getting up from a chair.\n• Lifting something off the floor.\n• Climbing the stairs.\n• Walking in an optimal gait pattern.\n\nThese are the four muscles:\n\nThe Four Muscles Located in the Quads\n\n‍\n\nThe rectus femoris is the only quad muscle that crosses both the knee and the hip.\n\nThe quads work in synergy with many other leg muscles, so when there's weakness in one muscle group, the other muscles can end up doing some overtime work, leading to repetitive stress-type injuries such as muscle strains and tendon pathologies.\n\nWeakness in the quads can directly affect gait patterns. While walking, the quads actually control the knee motion during stance phase (phase of walking when your foot is on the ground) through something called an eccentric contraction. An eccentric contraction is when your muscles are contracting and lengthening at the same time. If you lack control of your stance phase of gait, you will compensate in various ways.  Weak quads have also been shown to reduce gait speed, shorten the swing time and increase the stance time in women with knee arthritis and quadriceps weakness.\n\n\n\n‍\n\nWant to stay up to date with the latest patient resources? Follow OneStep on LinkedIn, Facebook, and Instagram!\n\nFollow us\nGet our app\nCopyright OneStep 2024\n|\nTerms of Service\n|\nPrivacy Policy\n|\nHIPAA Notice\nProduct\nScience\nPlatform\nExperience\nSolutions\nDigital Health\nRTM\nFall Prevention\nO&P\nMSK Surgeries\nResearch\nFor Patients\nCompany\nAbout\nCareers\nContact\nResources\nPublished Research\nWhite Papers\nCase Studies\nWebinars\nPress\nBlog\nFAQs",
    "token_count_estimate": 484
}