{
    "id": "2a6a7aa5-65cb-41d4-9fb1-04d62ca151bf",
    "url": "file://www_onestep.co-resourcescase-studies.html",
    "title": "www_onestep.co-resourcescase-studies.html",
    "docAuthor": "no author found",
    "description": "No description found.",
    "docSource": "URL link uploaded by the user.",
    "chunkSource": "link://https://www.onestep.co/resources/case-studies",
    "published": "10/16/2024, 4:41:42 PM",
    "wordCount": 294,
    "pageContent": "Request Demo\nCase Studies\n\nExplore how OneStep is empowering organizations with real-life motion data that drives better outcomes\n\n\nJuly 2, 2024\nHow Choice Rehabilitation earned an additional $7,243 in 60 days for Managed Care Part A patients with OneStep\n\nChoice Rehabilitation is able to justify necessary care extensions and capture new revenue through RTM with OneStep....\n\nMay 27, 2024\nHow Signature HealthCare improved patient outcomes while achieving 11x ROI with OneStep\n\nSignature HealthCare has been able to implement a robust fall and functional decline prevention program while driving revenue through Remote Therapeutic Monitoring and referrals for long term care res...\n\nMay 27, 2024\nHow Synergy Care demonstrated 3X ROI from RTM 60 days after launch!\n\nBy implementing digital care tools powered by OneStep’s smartphone motion intelligence, Synergy Care has been able to grow their revenue while enhancing clinical outcomes and fall prevention programs ...\n\nMarch 3, 2024\nHow a OneStep customer reduced falls by 15%\n\nHigh utilization of OneStep is correlated with reduction of falls in skilled nursing settings....\n\nFebruary 21, 2023\nOneStep remote care platform: a game-changer for home-based outpatient therapy\n\nOneStep’s remote care platform and motion analysis technology is keeping patients receiving home-based outpatient therapy better connected with their clinicians....\n\nSeptember 15, 2023\nValidating Kinomatic's platform: OneStep delivers compelling and objective data\n\nOneStep enables Kinomatic to objectively showcase the success of their interventions and support superior clinical outcomes....\n\nJanuary 31, 2023\nHow monitoring gait kept a patient safe\n\nRemote therapeutic monitoring with OneStep enabled a clinician to identify a patient’s decline in real-time and intervene proactively, keeping her safe....\n\nJanuary 2, 2023\nOneStep’s innovative motion analysis selected by AposHealth® for its cost-effectiveness, scalability, and ease of use\n\nOneStep provides AposHealth with a clinical-grade science infrastructure to enable the collection of objective, longitudinal gait analysis and functional mobility data in their patient populations....\n\nFollow us\nGet our app\nCopyright OneStep 2024\n|\nTerms of Service\n|\nPrivacy Policy\n|\nHIPAA Notice\nProduct\nScience\nPlatform\nExperience\nSolutions\nDigital Health\nRTM\nFall Prevention\nO&P\nMSK Surgeries\nResearch\nFor Patients\nCompany\nAbout\nCareers\nContact\nResources\nPublished Research\nWhite Papers\nCase Studies\nWebinars\nPress\nBlog\nFAQs",
    "token_count_estimate": 516
}