{
    "id": "073538e0-f49c-4f04-b475-bafe0dcbb6b1",
    "url": "file://www_onestep.co-casesresearch.html",
    "title": "www_onestep.co-casesresearch.html",
    "docAuthor": "no author found",
    "description": "No description found.",
    "docSource": "URL link uploaded by the user.",
    "chunkSource": "link://https://www.onestep.co/cases/research",
    "published": "10/16/2024, 4:41:22 PM",
    "wordCount": 319,
    "pageContent": "Request Demo\nOneStep for Research\n\nOneStep’s easy-to-use, clinically validated gait analysis provides researchers with a reliable way to assess gait parameters in a scalable and affordable manner.\n\n\nOUR RESEARCH PARTNERS\nMeasure spatial and temporal gait parameters\n\n\nOneStep’s gait analysis system can measure a wide set of spatial and temporal gait parameters including: cadence, speed, stride length, step length, single support and stance, double support, asymmetry, gait cycle variability, and more. OneStep makes it easy to add gait parameters and additional objective outcome measures to any study.\n\n\nEasy, accessible, and affordable\n\n\nOneStep measures gait parameters when a user walks with their smartphone in their pocket. No calibration or specialized hardware is required — simply download the OneStep mobile app on any smartphone. OneStep is compatible with both Android and iOS devices, which makes it easy to collect gait data from a large number of people. All data is automatically transmitted to the OneStep Clinical Portal for convenient access to data in a singular location.\n\n\nValidated in peer-reviewed journals\n\n\nOneStep’s accuracy in measuring gait parameters has been validated in multiple publications in peer-reviewed journals, against multiple gold-standard gait measurement systems. OneStep can be used to generate research-quality gait data from people with a variety of gait types and health conditions.\n\n\nSee Published Research\nMonitor subjects beyond the lab\n\n\nWith OneStep, gait analysis can occur anywhere — even at home, during everyday activities. Since OneStep makes gait analysis so accessible and does not require subjects to repeatedly visit a lab, it’s easy to collect longitudinal data. This also provides a more accurate representation of real-world gait patterns, based on data collected in a natural setting.\n\n\nBecome a research partner\n\nWe invite researchers to join us in using our smartphone-based gait analysis technology to push the boundaries of gait analysis research. Contact us to learn more about our technology and how it can help you achieve your research goals.\n\n\nGet in Touch\nFollow us\nGet our app\nCopyright OneStep 2024\n|\nTerms of Service\n|\nPrivacy Policy\n|\nHIPAA Notice\nProduct\nScience\nPlatform\nExperience\nSolutions\nDigital Health\nRTM\nFall Prevention\nO&P\nMSK Surgeries\nResearch\nFor Patients\nCompany\nAbout\nCareers\nContact\nResources\nPublished Research\nWhite Papers\nCase Studies\nWebinars\nPress\nBlog\nFAQs",
    "token_count_estimate": 498
}