{
    "id": "d9a53092-a953-413a-a723-25c6bd23bb67",
    "url": "file://www_onestep.co-productexperience.html",
    "title": "www_onestep.co-productexperience.html",
    "docAuthor": "no author found",
    "description": "No description found.",
    "docSource": "URL link uploaded by the user.",
    "chunkSource": "link://https://www.onestep.co/product/experience",
    "published": "10/16/2024, 4:41:19 PM",
    "wordCount": 284,
    "pageContent": "Request Demo\n\nThe Clinician Experience\n\n\nOneStep makes digital care simple\n\n\nEnhance in-person care with fast, easy, and objective motion analysis and enable high-quality treatment to continue in between visits with an all-in-one remote care experience.\n\n\nOnboard the Patient\nWithin 30 seconds\n\n\nCollect Data\nActive & passive monitoring\n\n\nGain Insights\n‍Patient progress & risk profile\n\nIntervene\n‍With the patient or caregiver\n\nDocumentation\nis easy and automatic\n\n\nOnboard the Patient\n\nRegister patients within 30 seconds\n\nCan be done from the clinician app or web dashboard\nSupports EMR integration + CSV import for automatic registration\nA simple patient flow that helps build trust from the start\nCollect Data\n\nCapture measurements using the app\n\nMotion feedback is immediate, easy to understand and highly engaging\nAutomatically assess gait anytime a patient walks with their phone - monitoring couldn't be easier\n\nEasily collect functional tests, range of motion measurements, and patient reported outcomes in your own customized protocols\nGain Clinical Insights\n\nView actionable insight in the clinician portal\n\nReview patient progress, risk profiles, feedback, and exclusive OneStep scores\n\nIdentify patients that need immediate attention\n\nMake data-driven decisions for efficient care delivery\nIntervene\n\nCommunicate effortlessly or build a remote plan of care\n\nGet intervention suggestions based on patient data\n\nA beautiful home exercise program with 250+ templates and auto assignment\n\nShow patients their progress and perform gait training with 'live feedback'\nDocumentation\n\nStrengthen documentation with objective data\n\nGenerate progress notes and reports in seconds\n\nJustify medical necessity and secure reimbursement\n\nSeamlessly integrate results into existing EMRs\nFrom start to scale, we've got you covered\nThe launch process\n1.\nKickoff meeting with our teams\n\n2.\nSetting a launch date\n\n3.\nClinicians watch a 15-min instructional video\n\n4.\nWe come to you for a 1-hour on-job training\n\n5.\nMonthly reports & follow-up office hours\n\nFully customizable product\n\nTo fit your needs and workflows\n\nCEU-accredited training\n\nAvailable on-site, remote or via videos\n\nDedicated team of clinicians\n\nOffers guidance, visits and office hours\n\nReady to get started with OneStep?\nRequest Demo\nFollow us\nGet our app\nCopyright OneStep 2024\n|\nTerms of Service\n|\nPrivacy Policy\n|\nHIPAA Notice\nProduct\nScience\nPlatform\nExperience\nSolutions\nDigital Health\nRTM\nFall Prevention\nO&P\nMSK Surgeries\nResearch\nFor Patients\nCompany\nAbout\nCareers\nContact\nResources\nPublished Research\nWhite Papers\nCase Studies\nWebinars\nPress\nBlog\nFAQs",
    "token_count_estimate": 554
}