{
    "id": "aa7396d0-6260-42f1-9e86-d4a2213db9e9",
    "url": "file://www_onestep.co-resources-bloghow-to-step-up-your-running-speed.html",
    "title": "www_onestep.co-resources-bloghow-to-step-up-your-running-speed.html",
    "docAuthor": "no author found",
    "description": "No description found.",
    "docSource": "URL link uploaded by the user.",
    "chunkSource": "link://https://www.onestep.co/resources-blog/how-to-step-up-your-running-speed",
    "published": "10/16/2024, 4:42:47 PM",
    "wordCount": 552,
    "pageContent": "Request Demo\nHow to Step Up Your Running Speed\nMarch 28, 2023\n\n14-day free trial to improve your running form and speed\n\nSchedule a Demo\n\nRunning is an activity favored by many that brings a wealth of physiological benefits! Whether you are an amateur runner or a seasoned professional, it is always important to set your body up for success with adequate training for your goals. In this blog, we discuss how to optimally train key muscle groups to facilitate increased power and speed during a run.\n\nKey differences between running and walking\n\nWhile running is similar to walking, there are some major differences that you should understand as a runner. For example, when running there is a double float phase in which both feet are off the ground for a period of time that is not present during the gait cycle when walking. The double float phase replaces the double support phase observed during walking, which is when both feet are placed on the ground for support. There are also differences in the way the foot strikes the ground, referred to as initial contact, that vary depending on the speed of the run.\n\nWhat contributes to propulsion during running?\n\nPropulsion in running can be defined as the phase in which your weight transitions to the front of the foot while certain muscles contract to create a force that helps to drive your body forward as your foot starts to leave the ground and enter the swing phase. While there is some discussion over which muscles contribute the most to propulsion during running, there is general consensus that the soleus, gastrocnemius, gluteus maximus, and quadriceps muscle group all play a role to some extent.\n\nIt is important to train your muscles so that they are not only strong enough to generate the power needed to move your body but also in a way that trains them to become efficient at facilitating explosive movements needed for propulsion during running. You want to harness the power of your muscles in the most efficient way possible. That’s why practicing agility drills and training muscles to improve power are great exercises to incorporate into your running routine to improve form and speed.\n\nTry these great exercises to improve your running form and speed!\n\nWe’ve listed four exercises that can be performed in a circuit fashion. Aim for 1 minute of each exercise, completing as many repetitions as possible during the allotted minute. Remember that form is more important than speed! Repeat the circuit three to four times, taking rest breaks as needed and in between each circuit.\n\nNote: Always consult your healthcare provider before trying new exercises, especially after injury or surgery.\n\nJump Hop\nSide Shuffle\nStanding Ski Jumps\nStanding Single Leg Hop\n\n‍\n\nConsult with a physical therapist\n\nDid you know physical therapists are a great resource for runners of all levels? Download the OneStep app today to be connected with a licensed physical therapist who will create a customized program to optimally train your muscles and address your specific running goals.\n\n‍\n\n‍\n\n‍\n\n‍\n\n‍\n\nReferences:\n\n\nNovacheck TF. The biomechanics of running. Gait Posture. 1998;7(1):77–95.\n\nEllisa RG, Sumner BJ, Kram R. Muscle contributions to propulsion and braking during walking and running: Insight from external force perturbations. Gait Posture. 2014;40(4):594-599.\n\nHamner SR, Seth A, Delp SL. Muscle contributions to propulsion and support during running. J Biomech. 2010;43(14):2709-16.\n\n‍\n\nFollow us\nGet our app\nCopyright OneStep 2024\n|\nTerms of Service\n|\nPrivacy Policy\n|\nHIPAA Notice\nProduct\nScience\nPlatform\nExperience\nSolutions\nDigital Health\nRTM\nFall Prevention\nO&P\nMSK Surgeries\nResearch\nFor Patients\nCompany\nAbout\nCareers\nContact\nResources\nPublished Research\nWhite Papers\nCase Studies\nWebinars\nPress\nBlog\nFAQs",
    "token_count_estimate": 805
}