{
    "id": "dd058ed6-a467-4aa8-b624-546a77896dc0",
    "url": "file://www_onestep.co-resources-blogwhat-is-pusher-syndrome.html",
    "title": "www_onestep.co-resources-blogwhat-is-pusher-syndrome.html",
    "docAuthor": "no author found",
    "description": "No description found.",
    "docSource": "URL link uploaded by the user.",
    "chunkSource": "link://https://www.onestep.co/resources-blog/what-is-pusher-syndrome",
    "published": "10/16/2024, 4:43:37 PM",
    "wordCount": 224,
    "pageContent": "Request Demo\nWhat is Pusher Syndrome?\nMay 3, 2023\n\nExplore OneStep's remote care platform\n\nSchedule a Demo\nWhat is Pusher Syndrome?\n\nPusher syndrome is a syndrome where a post-stroke individual pushes away from the non-weak side. Fortunately, this condition is not common, only occurring in about 5-10% of individuals with a stroke. While Pusher Syndrome has been observed and documented in individuals suffering from strokes both in the right and left sides of the brain, many studies note the prevalence of 'pushing behaviors' being significantly higher for individuals who suffered from a stroke in the right hemisphere of the brain. Pushing away from the non-weak side and thus towards the weak side results in significant loss of balance and difficulty with many functional tasks. The resulting loss of balance often leads to an increased risk for falls in this population. When someone is diagnosed with Pusher Syndrome, they must take special safeguards to prevent injury. However, pushing behaviors and associated impairments can be improved through focused rehabilitation.\n‍\n\nPhysical therapists can retrain the brain through visual feedback and motor control/motor learning techniques to correct their misperception of being upright when they are tilted to help the patient regain function.\n\n\n‍\n\n\nWant to stay up to date with the latest patient resources? Follow OneStep on LinkedIn, Facebook, and Instagram!\n\n‍\n\nFollow us\nGet our app\nCopyright OneStep 2024\n|\nTerms of Service\n|\nPrivacy Policy\n|\nHIPAA Notice\nProduct\nScience\nPlatform\nExperience\nSolutions\nDigital Health\nRTM\nFall Prevention\nO&P\nMSK Surgeries\nResearch\nFor Patients\nCompany\nAbout\nCareers\nContact\nResources\nPublished Research\nWhite Papers\nCase Studies\nWebinars\nPress\nBlog\nFAQs",
    "token_count_estimate": 370
}