{
    "id": "0365e0cb-1070-4520-9559-578ac30bcef9",
    "url": "file://www_onestep.co-resources-blogkey-muscles-in-knee-replacement-rehabilitation.html",
    "title": "www_onestep.co-resources-blogkey-muscles-in-knee-replacement-rehabilitation.html",
    "docAuthor": "no author found",
    "description": "No description found.",
    "docSource": "URL link uploaded by the user.",
    "chunkSource": "link://https://www.onestep.co/resources-blog/key-muscles-in-knee-replacement-rehabilitation",
    "published": "10/16/2024, 4:43:39 PM",
    "wordCount": 326,
    "pageContent": "Request Demo\nKey Muscles in Knee Replacement Rehabilitation\nApril 21, 2023\n\nStay up to date with the latest patient resources!\n\nSchedule a Demo\nRecovering from total knee replacement surgery can take a bit of work. However, by focusing on improving range of motion and leg strength, you'll be on the path towards resuming your day-to-day activities in no time.\n‍\nHere are three main muscle groups in the upper leg that will require your attention and rehabilitation to return to normal levels of strength:\n‍\n\n‍Quadriceps: Your quadriceps, commonly referred to as the quads, are actually a group of four muscles responsible for the extension of the knee. Only one of these four muscles crosses both the hip and the knee, and that muscle is called the rectus femoris. All four muscles converge to form the quadriceps tendon that attaches to the top of your kneecap or patella. This tendon encases the patella and becomes the patellar tendon that attaches to a lower leg bone called the tibia. Strengthening this muscle group is essential to assist with any activity that requires straightening the knee, including walking, standing, and stair navigation.\n‍\n\nHamstrings: This is a group of three muscles in the back of the leg. They start at your SIT bone (your ischial tuberosity, the bones you literally ‘sit’ on) in your buttocks and attach just beyond the knee joint. They are responsible for flexion of the knee. Good hamstring strength is critical to stabilize the knee and control your leg during specific phases of walking and running.\n‍\n\nGluteal muscles: These muscles form your buttocks, and they are responsible for extending or straightening the hip, the motion that happens when you transition from sitting to standing. Adequate strength of this muscle group is critical to help us get out of a chair and step up.\n‍\n\n\n‍\n\nWant to stay up to date with the latest patient resources? Follow OneStep on LinkedIn, Facebook, and Instagram!\n\nFollow us\nGet our app\nCopyright OneStep 2024\n|\nTerms of Service\n|\nPrivacy Policy\n|\nHIPAA Notice\nProduct\nScience\nPlatform\nExperience\nSolutions\nDigital Health\nRTM\nFall Prevention\nO&P\nMSK Surgeries\nResearch\nFor Patients\nCompany\nAbout\nCareers\nContact\nResources\nPublished Research\nWhite Papers\nCase Studies\nWebinars\nPress\nBlog\nFAQs",
    "token_count_estimate": 512
}