{
    "id": "df58e081-f3d1-487d-8be4-45dc516165a2",
    "url": "file://www_onestep.co-resourcesblog.html",
    "title": "www_onestep.co-resourcesblog.html",
    "docAuthor": "no author found",
    "description": "No description found.",
    "docSource": "URL link uploaded by the user.",
    "chunkSource": "link://https://www.onestep.co/resources/blog",
    "published": "10/16/2024, 4:41:38 PM",
    "wordCount": 909,
    "pageContent": "Request Demo\nStories about Health, Science and Motion\nSeptember 17, 2024\nWelcoming Holly Bossert, OneStep's new VP of Sales!\nSeptember 17, 2024\nEmpowering wellness fairs in senior living communities with OneStep\nSeptember 6, 2023\nConquering fear of falling with technology\nAugust 4, 2023\nHow OneStep is using gait analysis to transform health and risk assessments\nJune 21, 2023\nOneStep demonstrates its validity, safety, and efficacy — passing ORCHA assessment!\nJune 19, 2023\nThe rise of digital Home Exercise Programs (HEPs)\nMay 8, 2023\nFall risk assessments from anywhere with OneStep\nMarch 31, 2023\nCan passive data collection lead to superior remote monitoring and more informed care delivery?\nMarch 23, 2023\n7 Tips to Successfully Offer Remote Therapeutic Monitoring (RTM) Services\nMarch 3, 2023\nIs motion science at the heart of fall prevention in older adults taking antihypertensives?\nFebruary 16, 2023\nJourneys in Motion: Combining Tech and Touch to Mitigate Fall Risk (Part 3)\nFebruary 16, 2023\nUsing Gait Analysis to Identify the Risk of Cardiovascular Disease and Mortality\nFebruary 14, 2023\nJourneys in Motion: Combining Tech and Human Touch to Mitigate Fall Risk (Part 2)\nJanuary 25, 2023\nWhat is the difference between remote therapeutic monitoring (RTM) and remote patient monitoring (RPM)?\nJanuary 13, 2023\nJourneys in Motion: Combining Tech and Human Touch to Mitigate Fall Risk (Part 1)\nJanuary 3, 2023\nPhysical Therapists Are Looking for More Career Flexibility via Digital Solutions\nDecember 30, 2022\nHow to Drive Behavioral Change as a Physical Therapist\nDecember 28, 2022\nAdd Play to Your Day: 5 Ways to Move More in the New Year\nDecember 15, 2022\nHow to Find Physical Therapy Near Me\nDecember 6, 2022\nHow Monitoring Gait Kept a Patient Safe\nNovember 27, 2022\nCaring For Your Incision After Surgery\nNovember 16, 2022\nDigital Physical Therapy 101: Understanding the Basics\nNovember 1, 2022\nGait Speed And Cognitive Decline: What’s The Connection?\nOctober 22, 2022\nDoes OneStep’s remote gait analysis offer greater insight into patient mobility? New research says yes!\nOctober 18, 2022\nLeveraging Population Data in Your Clinical Practice\nSeptember 28, 2022\nThe Different Types of Physical Therapy\nSeptember 25, 2022\nPhysical Therapists: The Movement Experts\nSeptember 23, 2022\nHow OneStep is Revolutionizing Digital Physical Therapy\nSeptember 15, 2022\nBest Practice For Measuring Patient Progress\nSeptember 8, 2022\nFall Prevention: Safety at Home\nSeptember 6, 2022\nCan you assess fall risk without gait analysis?\nSeptember 2, 2022\nFall Prevention Awareness 101\nAugust 29, 2022\n6 Tips to Boost Patient Engagement\nAugust 15, 2022\nOlder Doesn’t Mean Weaker\nAugust 14, 2022\nCan OneStep Treat Patients With Neurological Conditions?\nAugust 10, 2022\nFunctional Exercises For Everyday Life\nAugust 7, 2022\nExercise Tips for Wheelchair Users\nJuly 31, 2022\nA New Era of Physical Therapy: Remote Monitoring of Patients in Their Environment\nJuly 24, 2022\nSexual Wellness Tips From A Certified Women’s Health Specialist\nJuly 10, 2022\nFeeling Overwhelmed About Physical Therapy? We Got You Covered.\nJuly 10, 2022\nPelvic Floor 101: How Can Physical Therapy Help?\nJuly 4, 2022\nIs There a OneStep Community?\nJuly 4, 2022\nHow to Step Up Your Running Speed\nJune 26, 2022\nStretching 101\nJune 20, 2022\nPracticing Deep Breathing for Better Physical and Mental Health.\nJune 13, 2022\nWhat Should You Do When Your Physical Therapy Ends?\nJune 13, 2022\nHow To Build Healthy Habits for Exercise Adherence\nJune 8, 2022\nTips for Exercise Safety\nJune 8, 2022\nIs OneStep Relevant If I’m Pre-Surgery?\nMay 29, 2022\nStrength Gains Explained by a PT\nMay 25, 2022\nHow Tech Savvy Do I Need To Be To Use The OneStep App?\nMay 25, 2022\nWhat is a Stroke and How Can Physical Therapy Help?\nMay 16, 2022\nSleep Positions Approved by Physical Therapists\nMay 11, 2022\nMindfulness Matters – Even During Exercise\nMay 4, 2022\nCore 101\nApril 28, 2022\nRest and Recovery to Optimize Your Health Goals\nApril 18, 2022\nGait Analysis: Why is it Important?\nApril 11, 2022\nHow Does Parkinson’s Disease Impact How You Walk?\nApril 11, 2022\nWhat is Parkinson's Disease and How Can Physical Therapy Help?\nApril 4, 2022\nReduce Foot Pain and Improve Your Arch Support with These Exercises!\nApril 4, 2022\nFoot and Heel Pain\nApril 3, 2022\n7 Beginner Exercises After a Total Hip Replacement\nApril 3, 2022\n5 Advanced Exercises After THR\nApril 1, 2022\nHere’s What You Need to Know About Total Hip Replacements (THR)\nMarch 27, 2022\nThe Truth Behind Sciatica\nMarch 27, 2022\n5 Exercises for Low Back Pain and Sciatica\nMarch 10, 2022\nCOVID-19 Made Us Even More Sedentary. Here's How We Can Get Moving Again.\nMarch 9, 2022\nArthritis 101\nMarch 8, 2022\nWomen in Physical Therapy\nMarch 1, 2022\nHere’s What You Need to Know About Total Knee Replacements\nMarch 1, 2022\nAdvanced Exercises After a Total Knee Replacement\nMarch 1, 2022\n5 Exercises to Perform After A Knee Replacement\nFebruary 21, 2022\nWho Benefits from Telehealth?\nFebruary 17, 2022\nDoes a Sedentary Job Put You At An Increased Risk of Injury?\nFebruary 17, 2022\nPhysical Therapy Key Terms\nFebruary 15, 2022\nOneStep’s PT Spotlight: Getting To Know Stephanie Wakeman.\nFebruary 10, 2022\nThe Importance of Balance\nFebruary 7, 2022\nFactors that Impact Pain\nFebruary 7, 2022\nAvoiding Opioids in Recovery\nFebruary 1, 2022\nWhy Meeting a OneStep PT is as Good as Meeting an In-Person PT\nJanuary 31, 2022\nPhysical Therapy Green Flags\nJanuary 24, 2022\n7 Top Tips to Make the Most Out of Your Telehealth Session\nJanuary 24, 2022\nThe Importance of Range of Motion\nJanuary 20, 2022\n6 Reasons Why Digital Physical Therapy is The Way To Go in 2022\nJanuary 13, 2022\nUnderstanding Your Walk Score\nJanuary 3, 2022\nThe Magic of Exercise\nDecember 28, 2021\nWhat’s The Difference Between a Physical Therapist and a Chiropractor?\nDecember 27, 2021\nHow To Make Time For Movement When Things Get Busy\nDecember 19, 2021\n9 Gift Ideas For Loved Ones After Surgery or Navigating Chronic Conditions\nNovember 8, 2021\nIn Their Own Words: Peter & OneStep\nNovember 8, 2021\nWhat is Pusher Syndrome?\nNovember 2, 2021\nWhy Do Strong Quads Matter?\nNovember 2, 2021\nKey Muscles in Knee Replacement Rehabilitation\nNovember 1, 2021\nHow to Care for Your Injured Joints\nOctober 27, 2021\nTrick or Treat with Ease\nOctober 17, 2021\nPodcast: Moving Healthier with OneStep\nOctober 13, 2021\nIn Their Own Words: Charles & OneStep\nOctober 13, 2021\nIn Their Own Words: Joanne & OneStep\nOctober 7, 2021\nTop 10 Pieces of Advice to Give Your Family When You've Had a Stroke\nSeptember 12, 2021\nIn Their Own Words: Philip & OneStep\nFollow us\nGet our app\nCopyright OneStep 2024\n|\nTerms of Service\n|\nPrivacy Policy\n|\nHIPAA Notice\nProduct\nScience\nPlatform\nExperience\nSolutions\nDigital Health\nRTM\nFall Prevention\nO&P\nMSK Surgeries\nResearch\nFor Patients\nCompany\nAbout\nCareers\nContact\nResources\nPublished Research\nWhite Papers\nCase Studies\nWebinars\nPress\nBlog\nFAQs",
    "token_count_estimate": 1975
}