{
    "id": "52ac86bd-201a-402a-ba0b-91447be7b7c9",
    "url": "file://www_onestep.co.html",
    "title": "www_onestep.co.html",
    "docAuthor": "no author found",
    "description": "No description found.",
    "docSource": "URL link uploaded by the user.",
    "chunkSource": "link://https://www.onestep.co/#RTM",
    "published": "10/16/2024, 4:42:07 PM",
    "wordCount": 762,
    "pageContent": "Request Demo\nDigital Care powered by Motion Intelligence\n\nGait is a crucial indicator of health, and OneStep makes gait analysis available to everyone. Leading providers use OneStep to offer proactive, data-driven care that transcends in-person visits.\n\n\nRequest Demo\nTRUSTED BY LEADING PROVIDERS\nThe new gold-standard for measuring human motion\n\nIt's almost magical: slip your smartphone in your pocket and take a few steps. Within seconds, you'll get an accurate analysis of your walk.\n\nOneStep operates seamlessly whenever your phone is with you, making it the only tool that measures real-life gait & mobility.\n\nOur FDA-listed and clinically validated technology eliminates wearables, calibration, and all the hassle.\n\n\nExplore our Science\nAn all-in-one platform for digital care\n24/7 smartphone motion lab\n\nEasily capture objective data to triage, monitor progress, and motivate patients with immediate & actionable feedback.\n\n\nDaily activities: walking, running, negotiating stairs\nSimple & engaging OneStep Walk Score\nWork on demand and/or continuously from the background\nCheck Out the Product\nStandard outcome data collection\n\nSave time by seamlessly incorporating industry-standard outcome measures, to streamline tests and screenings.\n\n\nPatient reported outcomes\nROM measurements & functional tests\nCustomizable protocols and scores\nCheck Out the Product\nClinical insights\n\nQuickly assess your patients health from anywhere, to enhance decision making and drive focus.\n\n\nPatients prioritized by status and urgency\nEasy-to-understand patient data\nIntegrative scores and indications\nCheck Out the Product\nDigital / physical intervention\n\nDeepen the connection with patients and their caregivers, while improving access to care and continuity of care.\n\n\nBuilt-in chat and Telehealth suite\nAutomatic notifications to patients & clinicians\nCare recommendations by OneStep\nCheck Out the Product\nA beautiful Home Exercise Program\n\nDrive engagement with HEP's that are easy to manage, and easier to follow. OneStep balances between what's clinically right and what the patient can actually adhere to.\n\n\n1500+ exercises and 250+ pre-built protocols\nPersonal messages and videos\nAI \"co-pilot\" with auto adjustments and suggestions\nCheck Out the Product\nStrong & seamless documentation\n\nStrengthen documentation with objective data to justify medical necessity and showcase successful outcomes.\n\n\nFull integration and easy export to your EMR\nAutomatic rollup and progress note creation\nControl center with analytics and ROI\nAutomatic reports for reimbursement\nCheck Out the Product\nINTEGRATED WITH\nBridging in-person and digital care\n\nOneStep is easily accessible via a mobile app and web dashboard, and seamlessly integrates with most EMRs. It is fully customizable to fit your needs and workflows, offering convenience and efficiency for clinicians and patients alike.\n\n\nSee the Experience\n\n\"Using OneStep just makes sense. When I'm seeing a patient, there's always that question of how they are doing when I’m not there. OneStep provides an inside look using real-world data, and helps our clinicians deliver truly proactive care.\"\n\nWilliam Dieter\nSR. DIRECTOR OF CLINICAL SERVICES\n\n\"OneStep is the only platform I've encountered that allows us to prevent falls rather than to react to them. This brings a lot of clinical value to our practice, while allowing us to get reimbursed.\"\n\nAlla Onitskanski\nPRESIDENT OF REHABILITATION SERVICES\n\n\"I wish I had a recording of the clinic teams' excitement when they described their experience with OneStep. Collecting gait data is crucial to our business and OneStep makes it as easy and insightful as ever.\"\n\nGanit Segal\nCHIEF SCIENTIFIC OFFICER\nClinical applications\n\nRemote Therapeutic Monitoring (RTM)\n‍\nDeploy a digital care program to deepen the connection with patients while significantly improving efficiencies.\n\n\nLEARN MORE\n\nFall prevention\n\nMonitor patients risk and progress, to offer the right preventive care to the right patient at the right time.\n\n\nLEARN MORE\n\nOrthotics & Prosthetics\n\nImprove device fit and wear while using objective data to create audit-proof documentation.\n\n\nLEARN MORE\n\nPre- and post-surgical\n\nMonitor patient progress and stay connected throughout the entire episode of care to improve outcomes and catch issues.\n\n\nLEARN MORE\n\nResearch\n\nFor the first time: reliably and continuously measure gait and mobility in a natural environment in a scalable way.\n\n\nLEARN MORE\n\nDigital health\n\nMonitor and engage patients longitudinally to create a smooth & continuous care journey while improving efficiencies.\n\n\nLEARN MORE\n\nOneStep allows providers to\n‍\n1. Boost patient engagement while improving access to care\n2. Quickly assess patients from anywhere for better decision making\n3. Objectively justify medical necessity and showcase successful outcomes‍‍‍\n\n\nAnd more\n\nReach out for more info on clinical trials; population management; neurodegenerative disease; pain monitoring; child development.\n\nWith OneStep...\n4.5\n\nEngaged days per patient per week\n\n\n27\n\nFewer falls every year per 100 residents\n\n\n96%\n\nSuccess rate for RTM CPT code collection\n\n\n34\n\nMinutes saved per clinician per week\n\n\nWhy patients love OneStep\nPhilip E.\nTOTAL KNEE REPLACEMENT\n\nI use OneStep every single day, sometimes to exercise, other days just to measure how I am walking. It has really helped me see my own improvement.\n\nBenjamin D.\nSENIOR LIVING FACILITY RESIDENT\n\nOneStep made an enormous difference to my life. I feel more confident knowing my therapist is monitoring how I walk and can step in to help me if anything changes.\n\nNancy H.\nCHRONIC PAIN\n\nI'm so glad my therapist uses OneStep with me. I love being able to check my own progress and reach out with questions as they come up so I don't forget.\n\nReady to get started with OneStep?\nRequest Demo\nFollow us\nGet our app\nCopyright OneStep 2024\n|\nTerms of Service\n|\nPrivacy Policy\n|\nHIPAA Notice\nProduct\nScience\nPlatform\nExperience\nSolutions\nDigital Health\nRTM\nFall Prevention\nO&P\nMSK Surgeries\nResearch\nFor Patients\nCompany\nAbout\nCareers\nContact\nResources\nPublished Research\nWhite Papers\nCase Studies\nWebinars\nPress\nBlog\nFAQs",
    "token_count_estimate": 1288
}