{
    "id": "b39673fe-48f6-4293-86be-781b5a351a7e",
    "url": "file://www_onestep.co-providersfor-pts.html",
    "title": "www_onestep.co-providersfor-pts.html",
    "docAuthor": "no author found",
    "description": "No description found.",
    "docSource": "URL link uploaded by the user.",
    "chunkSource": "link://https://www.onestep.co/providers/for-pts",
    "published": "10/16/2024, 4:41:28 PM",
    "wordCount": 300,
    "pageContent": "Request Demo\nBeing a PT has never felt better\n\nOneStep changes the concept of physical therapy from a session-by-session model to an “anytime, all-the-time” model. We complement and augment your therapy, allowing you to provide your best care continually, to more patients, leading to better clinical outcomes at a lower cost.\n\n\nSuperb care\n\n\nOneStep turns any smartphone into a 24/7 motion analysis lab, meaning that you can see how your patients are doing from anywhere. You can show them the progress they're making and make evidence-based decisions that significantly improve compliance, adherence and clinical outcomes. As a result, OneStep patients stick with their therapy plans for 3 times longer than traditional PT.\n\n\nMaximal efficiency\n\n\nOneStep allows you to be there for your patients all the time - while actually saving time. With smart notifications, pre-made and easily customizable recovery plans, patient monitoring tools that ensure all patients are attended to, and on-call OneStep support specialists, OneStep patients feel supported even between sessions. With OneStep, you can treat more patients, more effectively, from anywhere.\n\n\nGreat terms\n\n\nYou focus on care and we do the rest. OneStep handles everything from connecting you to a continuous flow of patients, to scheduling and billing, to encouraging and managing at-home adherence, so you can do what you do best: provide high quality physical therapy to your patients. Plus, you determine your working hours, have great benefits, and can work from anywhere.\n\n\nPartner with us\n\nWe work with physical therapists and clinics worldwide to provide OneStep as an augment to their services, as well with in-house OneStep therapists who treat the many patients who download our app without having had therapy before.\n\nIf you’re a physical therapist interested in OneStep, fill out the form and we’ll be in touch!\n\n\nFill out form\nFollow us\nGet our app\nCopyright OneStep 2024\n|\nTerms of Service\n|\nPrivacy Policy\n|\nHIPAA Notice\nProduct\nScience\nPlatform\nExperience\nSolutions\nDigital Health\nRTM\nFall Prevention\nO&P\nMSK Surgeries\nResearch\nFor Patients\nCompany\nAbout\nCareers\nContact\nResources\nPublished Research\nWhite Papers\nCase Studies\nWebinars\nPress\nBlog\nFAQs",
    "token_count_estimate": 461
}