{
    "id": "c7d33522-ac37-4eff-8b6c-b581d7246a44",
    "url": "file://www_onestep.co-companyabout.html",
    "title": "www_onestep.co-companyabout.html",
    "docAuthor": "no author found",
    "description": "No description found.",
    "docSource": "URL link uploaded by the user.",
    "chunkSource": "link://https://www.onestep.co/company/about",
    "published": "10/16/2024, 4:41:45 PM",
    "wordCount": 331,
    "pageContent": "Request Demo\nOneStep - The Motion Company\n\nBased on science, powered by connection.\n\nOneStep is redesigning physical therapy so that it is both convenient and exceptional for everyone.\n37 million\nAmericans live with a major mobility disability, usually difficulty walking or climbing stairs\n1 in 3\npeople will experience chronic pain this year, resulting from a musculoskeletal injury\n91%\nof the people who could have benefited from physical therapy chose not to do it\nWe empower people to move their bodies with health, with freedom, and with confidence.\n\nWe rely on our bodies to do the things that make life meaningful, together with the people we love. But sometimes our bodies can’t keep up, and what’s important to us is taken away - like sports with a friend or playtime with our grandkids. OneStep’s task is to help you get it back.\n\n\nRead More\n\nLeadership Team\nTomer Shussman\nCHIEF EXECUTIVE OFFICER\nPatrick Tarnowski\nCHIEF COMMERCIAL OFFICER\nYuval Naveh\nCHIEF SCIENTIFIC OFFICER\nShahar Davidson\nCHIEF TECHNICAL OFFICER\nEffie Arditi\nCHIEF PRODUCT OFFICER\nRachel Epstein\nVP OF CUSTOMER SUCCESS\nHila Glick\nVP OF PHYSICAL THERAPY\nItay Weiss\nDIRECTOR OF ENGINEERING\nInbar Nadav\nVP OF PEOPLE\nAmir Milo\nEXECUTIVE CHAIRMAN\nWe are growing...\n\n\nAre you a talented problem solver with a passion for tech, healthcare, and people? If so, we'd love to have you on our team!\n\nJoin Our Team\nOur Culture\n\nWe value personal responsibility and willingness to learn\nabove everything else, and pride ourselves in developing each other's skills and dreams.\n\nPersonal and professional development\n\n\nWe provide each employee with professional career consulting and ongoing development opportunities.\n\nOn an open calendar\n\nMost of us are more effective when we understand the bigger picture. Dropping-into meetings and spontaneous cross-company discussions are welcome.\n\nWorking from both home and the office\n\nWe have a beautiful and friendly office, but make sure that partly/fully working from home is acceptable and comfortable.\n\nMeasuring outcomes rather than hours\n\nSome of us are early-birds and some night-owls. We work hard, set ambitious goals and trust each other to achieve them.\n\nWe believe that happiness is effectiveness\n\nWe want our team members to be truly happy about both their personal and professional lives.\n\nFollow us\nGet our app\nCopyright OneStep 2024\n|\nTerms of Service\n|\nPrivacy Policy\n|\nHIPAA Notice\nProduct\nScience\nPlatform\nExperience\nSolutions\nDigital Health\nRTM\nFall Prevention\nO&P\nMSK Surgeries\nResearch\nFor Patients\nCompany\nAbout\nCareers\nContact\nResources\nPublished Research\nWhite Papers\nCase Studies\nWebinars\nPress\nBlog\nFAQs",
    "token_count_estimate": 607
}