{
    "id": "45328268-6d20-4de8-84a7-a17afa40c7c2",
    "url": "file://www_onestep.co-providersmedical-device-companies.html",
    "title": "www_onestep.co-providersmedical-device-companies.html",
    "docAuthor": "no author found",
    "description": "No description found.",
    "docSource": "URL link uploaded by the user.",
    "chunkSource": "link://https://www.onestep.co/providers/medical-device-companies",
    "published": "10/16/2024, 4:41:33 PM",
    "wordCount": 469,
    "pageContent": "Request Demo\n\nOneStep For Medical Device & Implant Manufacturers\n\n\nObjective visibility into device impact and success from anywhere\n\nOneStep equips medical device and implant manufacturers with data from baseline to post-intervention performance to track efficacy, impact, and success rates of medical products without any wearables.\n\n\nGet in Touch\nWhy partner with OneStep\nGain unprecedented visibility into device performance\n\nCapture clinical-grade baseline and post-intervention performance data collected continuously for real-time visibility into objective gait analysis, functional assessments, joint range of motion, patient-reported outcomes, and more.\n\nObserve trends across specific demographics and large patient populations\n\nTrack mobility trends within your own patient populations and also compare against OneStep’s gait analysis database of 100M+ gait cycles for real-world data on patterns of device adoption and efficacy.\n\n\nTrack device efficacy and adoption with longitudinal data\n\nEnsure ongoing and meaningful data collection for long-term insights that validate the performance of your medical device or implant over time, supported by multiple data points collected during real-world scenarios.\n\n\nHighlight and market product success with tangible evidence\n\nCreate a competitive advantage on the market using OneStep’s objective motion analysis and patient-reported data to differentiate your brand and better position your product to buyers.\n\n\nDrive innovation and new research with new technology\n\nUse OneStep to identify new protocols, improve existing devices, and further research in your field of expertise with accessible gait and motion analysis technology that is efficient and easy to standardize and scale.\n\n\nThe right package for your needs\n\nOneStep Science\nOneStep PT\nMonitor your patients to show your device's impact and improve outcomes\n\nExclusive 24/7 smartphone motion lab\n\nAccess to clinician web dashboard\n\nMeasure daily activities: walking, running, stairs\n\nEMR integration\n\nStandard PT tests: TUG, STS, 6-min walk, ROM\n\n24/7 chat with patient alerts\n\nFunctional surveys: standard and customized\n\nStaff training and ongoing support\n\nOneStep integrates the empathy and professionalism of experienced physical therapists with the latest in digital health technology, ensuring that our patients receive the best care and experience possible.\"\n\nShaun Lea\nCEO\n\n\nGetting started with OneStep is easy\n1\nSet up your OneStep account\n\nWhen you partner with OneStep, we’ll help you set up your account with your name, image and personalized settings.\n\n\n2\nSend your join code to patients\n\nYour patients will use this code upon signing up for OneStep, which will automatically link them to your account.\n\n\n3\nAccess patients' recovery data\n\nEasily track your patients recovery from the OneStep Clinc interface.\n\n\nPowerful science at your fingertips\n\nOneStep’s first-of-its-kind technology was designed to bring you clinically accurate data using only patients’ smartphones, allowing practitioners to adjust recovery protocols based on real-time demonstrated progress.\n\nLearn More\n9 in 10\n\nmembers consider OneStep to be essential to their recovery.\n\n\n72%\n\ncomplete their full course of care, with industry-high adherence and compliance.\n\n\n93%\n\nsuccessfully achieve their therapy goal, and report reduced pain, increased mobility and better quality of life.\n\n\n4X\n\nincrease in therapist efficiency for PTs using OneStep, allowing more patients to be treated, more effectively.\n\n\nReady to prove product success?\n\nContact us today to learn more about partnering with OneStep.\n\n\nGet in Touch\nFollow us\nGet our app\nCopyright OneStep 2024\n|\nTerms of Service\n|\nPrivacy Policy\n|\nHIPAA Notice\nProduct\nScience\nPlatform\nExperience\nSolutions\nDigital Health\nRTM\nFall Prevention\nO&P\nMSK Surgeries\nResearch\nFor Patients\nCompany\nAbout\nCareers\nContact\nResources\nPublished Research\nWhite Papers\nCase Studies\nWebinars\nPress\nBlog\nFAQs",
    "token_count_estimate": 758
}