{
    "id": "63c3035d-dbae-467e-89c9-e0eaf022428e",
    "url": "file://www_onestep.co-resources-blogrestrictions-post-thr-surgery-and-the-logic-behind-them.html",
    "title": "www_onestep.co-resources-blogrestrictions-post-thr-surgery-and-the-logic-behind-them.html",
    "docAuthor": "no author found",
    "description": "No description found.",
    "docSource": "URL link uploaded by the user.",
    "chunkSource": "link://https://www.onestep.co/resources-blog/restrictions-post-thr-surgery-and-the-logic-behind-them",
    "published": "10/16/2024, 4:43:54 PM",
    "wordCount": 431,
    "pageContent": "Request Demo\nRestrictions after a Total Hip Replacement & the Logic Behind Them\nApril 21, 2023\n\nStay up to date with the latest patient resources!\n\nSchedule a Demo\nAfter having a total hip replacement, your doctor might recommend that you avoid certain movements for the first 6-10 weeks of recovery. These restrictions are given as precautions in order to prevent dislocation of the new joint.\n‍\n\nRestrictions for the posterior/lateral approach include:\n‍\n• Avoid flexing the operated hip over 90 degrees.\n• Avoid crossing the legs at your knees and ankles.\n• Avoid Internally rotating (pivoting on your leg so that your foot points inwards) your operated leg.\n‍\n\nExamples of certain daily activities that are affected by these restrictions include:\n‍\n• Bending down to tie shoes.\n• Sitting on a low toilet seat.\n• Sitting with your legs crossed.\n\nRestrictions for Anterior approach include:\n\n• Avoid active extension at the hip.\n• Avoid external rotation (figure 4 position) at the hip.\n• In some cases, don’t actively move the operated leg laterally or away from your midline.\n‍\nExamples of certain daily activities that are affected by these restrictions include:\n‍\n• Don’t lie on your stomach.\n• Don't back up by leading with the operated leg.\n\n‍\n\nThese restrictions vary depending on your doctor. Some surgeons give precautions to everyone, and some surgeons only to a few. Sometimes the surgeons want you to adhere to the restrictions for  six weeks and some for ten. It often depends on several factors including the type of implant and the health of the surrounding tissue.\n\nTo help you adhere to your restrictions, It is strongly recommended to use a raised toilet seat after the operation and place a pillow between your legs when going to sleep in order to help maintain these precautions. Other helpful equipment is a sock aid and reacher or grabber to pick up light items from the floor.\n\nAs long as you follow your doctor's restrictions, you should be safe. The risk of dislocation is small, especially when following the guidelines. Need for revision of your new hip is also low. Statistics show that approximately 2% of patients over 90 years old will require revision, while only 1.2% of patients under 69 will require revision during this time frame.\n\nDuring recovery, it's recommended to walk and maintain movement throughout the day in order to avoid blood clots and regain strength and control over your new joint. Remember to practice moderation and find the right balance between exercise and rest that works best for you.\n\n‍\n\nWant to stay up to date with the latest patient resources? Follow OneStep on LinkedIn, Facebook, and Instagram!\n\n‍\n\nFollow us\nGet our app\nCopyright OneStep 2024\n|\nTerms of Service\n|\nPrivacy Policy\n|\nHIPAA Notice\nProduct\nScience\nPlatform\nExperience\nSolutions\nDigital Health\nRTM\nFall Prevention\nO&P\nMSK Surgeries\nResearch\nFor Patients\nCompany\nAbout\nCareers\nContact\nResources\nPublished Research\nWhite Papers\nCase Studies\nWebinars\nPress\nBlog\nFAQs",
    "token_count_estimate": 651
}