{
    "id": "65bb84f4-9c58-495a-a2d9-b0872609a3ec",
    "url": "file://www_onestep.co-resources-blogask-surgeon-after-hip-replacement.html",
    "title": "www_onestep.co-resources-blogask-surgeon-after-hip-replacement.html",
    "docAuthor": "no author found",
    "description": "No description found.",
    "docSource": "URL link uploaded by the user.",
    "chunkSource": "link://https://www.onestep.co/resources-blog/ask-surgeon-after-hip-replacement",
    "published": "10/16/2024, 4:43:55 PM",
    "wordCount": 435,
    "pageContent": "Request Demo\n7 Questions to Ask Your Surgeon After Hip Replacement Surgery\nApril 21, 2023\n\nStay up to date with the latest patient resources!\n\nSchedule a Demo\nQuestions to Ask Your Surgeon.\n‍\n\nTotal hip replacement surgery is one of the 5 most common orthopedic surgeries and is expected to increase by 75% by 2025 according to Rheumatology Advisor.  There are several types of surgical approaches to replace the hip and it’s important to ask your surgeon which approach they will use as this will determine the type of physical and postural restrictions you will have after surgery and how long they will last.\n\nRecovery after a total hip replacement is similar for the different surgical approaches and typically takes about 10-12 weeks for most people without complications.  At this point, you should be able to return to most of your normal activities, within reason, of course. You would not be ready to climb a mountain, but you can enjoy a walk in the park, a bike ride, a swim, or a dance class!\n\nThe follow-up visits with your surgeon are times for you to ask important questions about your recovery and restrictions.  You may be wondering when the pain and stiffness will subside, or have questions about basic daily activities. It’s a good idea to come prepared with a list of questions in order not to rely on your memory.\n\nCollect those questions a few days in advance to make sure you included all of your concerns:\n\n1. Pain: this is a great opportunity to talk about pain management. How long will your joint feel stiff and achy? What are some non-opioid alternatives or other non-medication pain management options?\n2. Driving: How soon can I drive? This will also be dependent on which side your surgery was on.\n3. When will the restrictions be lifted?\n4. When can I safely resume a sport or other activity?\n5. When it will be safe to resume sexual activity?\n6. If your doctor did not prescribe Physical Therapy, ask for a referral.\n7. Make sure you have the relevant information to call or email in case there is any question you forgot to ask.\n‍\n\nFor a smooth recovery, work with a physical therapist and seek out support from family, friends, and others who have been through the experience.  Remember, your recovery is unique to you, your history, and your environment. Give yourself the grace to accept the bad days and good ones. With perseverance, you will feel good about progress and outcomes!\n\n‍\n\nWant to stay up to date with the latest patient resources? Follow OneStep on LinkedIn, Facebook, and Instagram!\n\nFollow us\nGet our app\nCopyright OneStep 2024\n|\nTerms of Service\n|\nPrivacy Policy\n|\nHIPAA Notice\nProduct\nScience\nPlatform\nExperience\nSolutions\nDigital Health\nRTM\nFall Prevention\nO&P\nMSK Surgeries\nResearch\nFor Patients\nCompany\nAbout\nCareers\nContact\nResources\nPublished Research\nWhite Papers\nCase Studies\nWebinars\nPress\nBlog\nFAQs",
    "token_count_estimate": 633
}