{
    "id": "47c22220-0237-4320-b106-e96ffa67955d",
    "url": "file://www_onestep.co-providersclinics.html",
    "title": "www_onestep.co-providersclinics.html",
    "docAuthor": "no author found",
    "description": "No description found.",
    "docSource": "URL link uploaded by the user.",
    "chunkSource": "link://https://www.onestep.co/providers/clinics",
    "published": "10/16/2024, 4:41:29 PM",
    "wordCount": 430,
    "pageContent": "Request Demo\n\nOneStep For Physical Therapy Clinics\n\n\nExtend patient care beyond clinic walls\n\nComplement in-person care using OneStep’s full suite of digital PT tools that enable clinicians to assess movement and deliver personalized treatment remotely while staying connected with patients like never before.\n\n\nGet in Touch\nWhy partner with OneStep\nHeighten clinical insight and drive better outcomes\n\nOneStep offers unprecedented insight into patient status that enables clinicians to view real-time gait and motion analysis data, receive automatic fall risk and change of status notifications, and monitor patient adherence.\n\n\nIncrease revenue streams\n\nOneStep’s FDA-listed digital health technology supports and simplifies the billing of new CPT codes for remote therapeutic monitoring (RTM) with automatic data collection, clinician time tracking, and RTM reporting capabilities.\n\n\nBoost patient engagement and retention\n\nVideo home exercise programs, progress reports, accessible chat features, and convenient virtual treatment options keep patients connected and engaged throughout their entire plan of care, minimizing missed visits and drop-off.\n\n\nImprove clinic efficiency and clinician satisfaction\n\nOneStep’s technology optimizes remote workflows, automates routine tasks, and enables increased scheduling and work flexibility for clinicians – offering improved career satisfaction.\n\n\nStrengthen and streamline documentation with real-time data\n\nIn addition to 40+ gait parameters, collect objective and subjective gold-standard functional outcomes completed by patients within the OneStep app and easily generate reports that can be integrated into existing EHR.\n\nThe right package for your needs\n\nOneStep Science\nOneStep Hybrid\nMonitor your patients to show your device's impact and improve outcomes\n\nExclusive 24/7 smartphone motion lab\n\nAccess to clinician web dashboard\n\nMeasure daily activities: walking, running, stairs\n\nEMR integration\n\nStandard PT tests: TUG, STS, 6-min walk, ROM\n\n24/7 chat with patient alerts\n\nFunctional surveys: standard and customized\n\nStaff training and ongoing support\n\nGetting started with OneStep is easy\n1\nSet up your OneStep account\n\nWhen you partner with OneStep, we’ll help you set up your account with your name, image and personalized settings.\n\n\n2\nSend your join code to patients\n\nYour patients will use this code upon signing up for OneStep, which will automatically link them to your account.\n\n\n3\nAccess patients' recovery data\n\nEasily track your patients recovery from the OneStep Clinc interface.\n\n\nPowerful science at your fingertips\n\nOneStep’s first-of-its-kind technology was designed to bring you clinically accurate data using only patients’ smartphones, allowing practitioners to adjust recovery protocols based on real-time demonstrated progress.\n\nLearn More\n9 in 10\n\nmembers consider OneStep to be essential to their recovery.\n\n\n72%\n\ncomplete their full course of care, with industry-high adherence and compliance.\n\n\n93%\n\nsuccessfully achieve their therapy goal, and report reduced pain, increased mobility and better quality of life.\n\n\n4X\n\nincrease in therapist efficiency for PTs using OneStep, allowing more patients to be treated, more effectively.\n\n\nReady to extend your reach outside the clinic?\n\nContact us today to learn more about partnering with OneStep.\n\n\nGet in Touch\nFollow us\nGet our app\nCopyright OneStep 2024\n|\nTerms of Service\n|\nPrivacy Policy\n|\nHIPAA Notice\nProduct\nScience\nPlatform\nExperience\nSolutions\nDigital Health\nRTM\nFall Prevention\nO&P\nMSK Surgeries\nResearch\nFor Patients\nCompany\nAbout\nCareers\nContact\nResources\nPublished Research\nWhite Papers\nCase Studies\nWebinars\nPress\nBlog\nFAQs",
    "token_count_estimate": 718
}