{
    "id": "6ae10fcf-7f0e-4fc0-b56b-a64453e7862d",
    "url": "file://www_onestep.co-resources-blogthe-magic-of-exercise.html",
    "title": "www_onestep.co-resources-blogthe-magic-of-exercise.html",
    "docAuthor": "no author found",
    "description": "No description found.",
    "docSource": "URL link uploaded by the user.",
    "chunkSource": "link://https://www.onestep.co/resources-blog/the-magic-of-exercise",
    "published": "10/16/2024, 4:43:32 PM",
    "wordCount": 361,
    "pageContent": "Request Demo\nThe Magic of Exercise\nApril 21, 2023\n\nStay up to date with the latest patient resources!\n\nSchedule a Demo\nWe are all searching for a little bit of magic.\n\nA special pill, the perfect massage, an herbal ointment to help us sleep better, lose weight, decrease pain, make us look and feel younger and give us energy. For thousands of years, people have been on a quest to find a remedy for what ails them. From the legendary Fountain of Youth to magic elixirs, explorers have traversed the world looking for answers to health and longevity when all along, the magic has been within us. Our bodies have immense potential to heal and retain a bit of youthfulness. The key to unlocking this magic from within is being mindful of our environment's influences. The magic elixir is a combination of exposure to clean, fresh air, green spaces, nutritious food, human connection, good sleep, prayer or meditation practice, and exercise. No need to travel very far or seek sages and expensive practitioners. A trip to the produce section of your grocery store, some time in nature, and a moderately challenging exercise routine will, over time, achieve the glory attributed to spiritual waters on a mountaintop in a remote region, especially when it comes to treating pain.\n‍\n‍\n\n‍\n\nEvidence shows exercise works best to improve pain and functional outcomes of hip and knee osteoarthritis. Exercise is also the most effective treatment for chronic low back pain and one of the best ways to reduce overall pain sensitivity. In addition to exercise, it is important to make sure you are getting adequate sleep, controlling your stress and eating healthy to reduce pain levels. You may want to opt for a massage or other manual therapies to offer short term relief so you can engage in one of the elements that results in permanent change: exercise. If you are suffering from joint, back, muscle or tendon pain or general pain, consulting with a physical therapist is great idea.\n\n‍\n\n‍\n\n‍\n\n\n\n\nWant to stay up to date with the latest patient resources? Follow OneStep on LinkedIn, Facebook, and Instagram!\n\nFollow us\nGet our app\nCopyright OneStep 2024\n|\nTerms of Service\n|\nPrivacy Policy\n|\nHIPAA Notice\nProduct\nScience\nPlatform\nExperience\nSolutions\nDigital Health\nRTM\nFall Prevention\nO&P\nMSK Surgeries\nResearch\nFor Patients\nCompany\nAbout\nCareers\nContact\nResources\nPublished Research\nWhite Papers\nCase Studies\nWebinars\nPress\nBlog\nFAQs",
    "token_count_estimate": 532
}