{
    "id": "f17453de-702f-484b-95fe-69f3f6e102a4",
    "url": "file://www_onestep.co-casesrtm.html",
    "title": "www_onestep.co-casesrtm.html",
    "docAuthor": "no author found",
    "description": "No description found.",
    "docSource": "URL link uploaded by the user.",
    "chunkSource": "link://https://www.onestep.co/cases/rtm",
    "published": "10/16/2024, 4:41:23 PM",
    "wordCount": 508,
    "pageContent": "Request Demo\n\nThe OneStep Impact\n\n\nRTM with OneStep empowers seamless patient monitoring\n\nUnlock in-depth health insights and hybrid care models that drive superior clinical outcomes and heightened engagement — wherever patients go.\n\n\nRequest Demo\nTRUSTED BY LEADING PROVIDERS\nWith OneStep...\n96%\n\nSuccess rate for RTM CPT code collection\n\n\n3.5\n\nMore engaged days per patient per week\n\n\n1 in 4\n\nFalls prevented using OneStep monitoring\n\n\n34\n\nMinutes saved per clinician per week\n\n\nWhat is Remote Therapeutic Monitoring (RTM)?\n\nNew CPT codes introduced in 2022 allow providers to bill for time spent monitoring musculoskeletal patients remotely.\n\nOneStep is the only all-in-one remote care platform that is optimized for convenience, collects clinically-validated gait and mobility data without any wearables, and automatically captures background data for seamless and efficient RTM reimbursement.\n\n\nCPT Code\n\nBilling with OneStep\n\n98975\n\nOnboard a patient with OneStep and confirm first walk recording.\n\n98977\n\nCapture patient-reported outcomes, clinical-grade background analytics, patient adherence, and functional assessments with OneStep, an FDA-listed medical device.\n\n\n98980\n\nSchedule audio and visual check-ins, monitor patient data, update exercises, and communicate via chat and video message all from the online OneStep clinic.\n\n\n98981\n\nEasily track minutes spent monitoring each patient to bill additional units.\n\nOne solution for comprehensive hybrid care\n\nUnprecedented Insight\n\nSmartphone motion analysis captures ongoing mobility data, without wearables.\n\n\nProactive Digital Care\n\nPredictive analytics and automated care actions enable proactive intervention.\n\n\nSeamless Workflows\n\nOne easy-to-use solution empowers hybrid care and fits into existing workflows.\n\n\nHighly Engaged Patients\n\nImmediate feedback and personalized plans drive patient engagement and adherence.\n\n\nINTEGRATED WITH\nMake every minute count toward helping your patients\n\nProvide personalized care with deeper insights\n\nAutomated monitoring makes it easy to identify high risk patients, deliver proactive care, facilitate discharge transitions, and meet RTM billing requirements.\n\n\nDrive engagement and strong patient connections\n\nImmediate motion feedback paired with the convenience of digital care options and seamless communication keeps patients satisfied and engaged in their care.\n\n\nDocument outcomes without the hassle\n\nGenerate progress reports in the click of a button that showcase objective mobility data and integrate into existing EMRs.\n\n\nRemote care done right, with proven ROI\n\nSTRONGER DOCUMENTATION\nCombat reimbursement cuts with RTM revenue\n\nDemonstrate value clearly and objectively\n\nEasily bill for remote monitoring and digital care\nHIGHER EFFICIENCY\nOptimize patient management with hybrid care models\n\nEase staff burden and turnover with career flexibility\n\nReduce cancellation and no-show rates\n\n“We’ve worked with so many tech vendors, and I’ve never had such a smooth experience with a product - our clinicians love it.”\n\nWilliam Dieter\nSR. DIRECTOR OF CLINICAL SERVICES\n\n\"With OneStep, we're striving to ensure we monitor gait as the newest vital sign to help the senior living population age in place.\"\n\nAaron Duffee\nREGIONAL MANAGER\nGoing above and beyond for patients truly helps everyone\nPhilip E.\nTOTAL KNEE REPLACEMENT\n\nI use OneStep every single day, sometimes to exercise, other days just to measure how I am walking. It has really helped me see my own improvement.\n\nMichael P.\nHIP OSTEOARTHRITIS\n\nUsing OneStep has helped me stay active and decrease my pain. I love that my physical therapist now offers virtual visits and is able to answer my questions via chat.\n\nNancy H.\nCHRONIC PAIN\n\nI'm so glad my therapist uses OneStep with me. I love being able to check my own progress and reach out with questions as they come up so I don't forget.\n\n\nReady to get started with OneStep?\nRequest Demo\nFollow us\nGet our app\nCopyright OneStep 2024\n|\nTerms of Service\n|\nPrivacy Policy\n|\nHIPAA Notice\nProduct\nScience\nPlatform\nExperience\nSolutions\nDigital Health\nRTM\nFall Prevention\nO&P\nMSK Surgeries\nResearch\nFor Patients\nCompany\nAbout\nCareers\nContact\nResources\nPublished Research\nWhite Papers\nCase Studies\nWebinars\nPress\nBlog\nFAQs",
    "token_count_estimate": 864
}