{
    "id": "c21644ba-2b0d-4588-952f-0f2c07491b37",
    "url": "file://www_onestep.co-resources-blogmoving-healthier-with-onestep-podcast.html",
    "title": "www_onestep.co-resources-blogmoving-healthier-with-onestep-podcast.html",
    "docAuthor": "no author found",
    "description": "No description found.",
    "docSource": "URL link uploaded by the user.",
    "chunkSource": "link://https://www.onestep.co/resources-blog/moving-healthier-with-onestep-podcast",
    "published": "10/16/2024, 4:43:43 PM",
    "wordCount": 2125,
    "pageContent": "Request Demo\nPodcast: Moving Healthier with OneStep\nApril 21, 2023\n Share Tweet Share\n\nDrive patient engagement with objective feedback\n\nSchedule a Demo\n\n‍\n\n‍\n\nWe were so excited to sit down with Laura Joszt of CHE, the first-ever Healthcare Analytics News podcast, to discuss the challenges with traditional physical therapy. Tune in to hear how OneStep drives patient engagement and learn more about the future of OneStep's remote gait and motion analysis technology.\n\n\n\n\n\n* This transcription has been edited from the original format for clarity\n‍\nLaura Joszt: Hello, and welcome to a brand new episode of Data Book, a Chief Healthcare Executive podcast. My name is Laura Joszt, and I'm the Editorial Director at CHE. Today, Tomer Shussman and Hila Glick of OneStep join me. We discuss how the OneStep app is transforming traditional physical therapy and bringing it into the home, which improves the proportion of patients who complete their therapy, as well as future uses for the technology being utilized in the app. Can you both introduce yourselves, tell us a little bit about the company? Tomer, maybe you want to start?\n\nTomer Shussman: Great to be here. My name is Tomer and I'm the CEO of OneStep. We founded OneStep almost three years ago - in order to help patients recover and turn physical therapy into a service that is both accessible to everyone while still maintaining the quality of it. We are currently 35 employees, headquartered in Tel Aviv and New York, and we're having fun!\n‍\nHila Glick: And I'm Hila Glick, VP of Physical Therapists and Patient Experience. I work at OneStep as a PT and as the head of customer success.\n‍\nLaura Joszt: Great. Thank you so much. So, you're trying to transform physical therapy. What were the challenges that OneStep was really hoping to address?\n‍\nTomer Shussman: When we first started, we saw that physical therapy is a unique field because physical therapists are quite possibly the most dedicated and compassionate people in the healthcare industry. They are doing a great job, but they can only do so much in a day. And when a patient needs to go through the recovery process, they get one hour, maybe two hours of in-person physical therapy at best. And then, they go home -- and then what? They are left alone. They don't know how they're doing. They are not exercising well. Sometimes they are even repeating mistakes. And by the time they've got them back to the next session, they may have already lost motivation. So, this results in many patients quitting physical therapy early. This was the main problem that we were trying to tackle.\n‍\n\n---\n\n\n‍\n\nLaura Joszt: So, how closely do the smartphone capabilities that OneStep has, match what is done in a clinic with more sophisticated medical equipment?\n‍\n\nTomer Shussman: OneStep's goal is not to replace the in-clinic equipment or to replace the in-clinic assessment by a PT. Our goal is to provide 24/7 PT, meaning to augment the therapy and liberate it to go beyond the clinic walls.\n\nTomer Shussman: We are providing tools that, actually, no PT clinic has. It's not about replacing or mimicking any equipment, it's about providing objective assessment tools for patients and physical therapists from anywhere. And to be honest, the technology that we have is not available for 99% of the professional PTs, which you can say is another interesting factor we’ve got going for us.\n\nHila Glick: As a PT in the in-person world, OneStep addresses something that's really missing. If someone wants to do a gait analysis, sure, a patient can walk into a lab have it done. But the option to have a lab quality gait analysis using your cellphone in your pocket or anywhere on your clothing, that's something that's only available using OneStep. And that's something that can be really beneficial not only to the patient, but to physical therapists as well.\n\n‍\n\n---\n‍\n\nLaura Joszt: So, you were talking about how patients receive reports, and they receive the information about their gait analysis. So firstly, how does that help them? And second, do patients always understand the information being presented to them? Is there any educational component they need to be able to understand that data?\n\n\nHila Glick: Even for a licensed physical therapists, gait analysis can be complicated. It's not easy to understand or even necessarily something that can be implemented right away. OneStep found a way to make it easier for the physical therapist to understand -- and the patient. The patient can view their progress with simplified walking parameters and real-time feedback from their phone. There's significant benefit in getting to see your progress, especially when that progress isn't something that's quite as easy to feel.\n‍\n\nTomer Shussman: When a patient downloads OneStep, the first thing they do is put the phone in their pocket and walk around, taking a few steps. They immediately get feedback. They automatically receive their OneStep Walk Score. This is a number between 0 and 100. Within seconds they know how they're doing and what they need to improve. And then the physical therapist on the other side gets a comprehensive report that they will then use to treat the patient, as well.\n‍\n\n----\n\n\nLaura Joszt: Speaking of that progress, is there information or data that you have on a patient, how long they're using this, and their progress versus not having the app in the traditional in-person clinic?\n\nTomer Shussman: Of course. We've done that test repeatedly with and without OneStep, over and over. We see that OneStep patients, first of all, are super excited about the app. The combination of having an accessible physical therapist and knowing how you're doing really makes a difference for them. Second, we see that 65% of our patients finish their whole course of care, which is humbly unheard of in the recovery space.\n\n\nTomer Shussman: Most patients in traditional physical therapy don't get past meeting three or four, and here we can get two-thirds of our patients to finish the full course of care. For the first time, with OneStep, you can actually measure progress from home without needing a lab. So, we are also seeing that people at home are making almost twice as much progress compared to traditional physical therapy.\n\n‍\n\n---\n\n\nLaura Joszt: I know that the app is a 24/7 app, collecting data. So, it's collecting data when the app is open, but it's also collecting data when it's closed and the phone's just in somebody's pocket. So, how does having that continuous monitoring and data collection assist?\n\n\nHila Glick: It’s a really interesting question. This is a big issue with gait assessments in general, is what happens when you're aware that someone is watching you. It's like comparing the way you sing out loud when you're driving down the highway, alone in your car,  to how you may sing when you arrive at a traffic light and notice a car next to you watching. It's funny, but gait is similar. When you're in a lab with sensors on you, or even if you're aware that your phone is in the pocket and think, 'I'm recording my walk now', I might walk in a specific, and different way. If I'm unaware of that, then I'm more likely to walk naturally. Maybe my steps are smaller, maybe I make a bad turn. I might walk with a very short stance, and those unconscious errors are actually the most important to record. These are the points where a patient can fall later on. How someone moves when they’re not performing is where we’ll find the movements we want to avoid.\n‍\n\nTomer Shussman: We actually have a very interesting study that we are going to publish, I think in the next few weeks, with Dr. David Putrino's group in Mount Sinai and the article is titled Recording Context Matters. What we're showing there is that conscious versus unconscious walks are very different from one another, in several significant parameters. And this strongly relates to what Hila just said, because sometimes patients make progress only when they are aware of the fact that they are walking, and by alerting them and notifying them when they are not aware and they're committing mistakes, that way we can actually accelerate their progress and also get them away from risky situations.\n\n‍\n\n---\n\n‍\n\nLaura Joszt: One of the things I've seen sometimes is with patients, they get too much data and it can be overwhelming. When they are being monitored 24/7, obviously you get things like seeing how their gait actually is when they're not consciously thinking about it. Do you run into issues though where if there's any concerning areas where you see their gait maybe was really off or something was of a concern, that maybe the patient can't remember what they were doing at the time or what might have caused it?\n‍\n\nTomer Shussman: Most of the time, we are more focused on trends than on individual walks, especially when it comes to background motion. When a patient chooses to record a walk, they have the context and they usually tag that context for us. They tell us whether they were with a cane, without a cane, they were barefoot, et cetera. And with background walks, we are mainly using them not to detect anomalies but to predict the overall trend and understand the overall situation. So, we are also trying not to be too judgmental with a patient that's had one bad walk. This happens to all of us, all the time. Gaining back your ability to walk is a skill, just like gaining any other skill. And sometimes it's better, sometimes it's worse, the bigger picture is what matters.\n‍\n\nHila Glick: Another point that I find surprising is, if I reach out to a patient and mention something about a walk that seemed off, they usually try to remember what that walk was, and very frequently, they'll say, \"Yeah, I was walking with my husband. He walks slightly faster. So, maybe that's why my walk seemed different.\" Because the communication is ongoing, and we see the walks and feedback all the time, 24/7, it's very easy to go back to that patient with the alert that something is off and then understand what the reason was.\n‍\n\n‍\n\n---\n\n‍\nLaura Joszt: Finally, I guess, do you see any future potential uses for OneStep and the technology with the app?\n‍\n\nTomer Shussman: Yeah. So actually, it's a funny story because when we founded OneStep, our preliminary goal was to use walking patterns to help detect strokes, brain injuries, in real-time. We realize that when you have a stroke or when you're going through a stroke, your gait pattern significantly changes. And we realized that by doing that, and by monitoring gait from the background, we would be able to help patients get to the hospital sooner.\n‍\n\nTomer Shussman: And we actually developed that technology and we had some interesting studies and it worked in those studies, but then we realized that it is going to take years to commercialize this technology and get all the FDA approvals. And that instead, we could really help by just providing this tool as a recovery tool and use the data that we collect to help perfect the technology. So, the end goal is through the regulatory process so that one day we will be able to also do that.\n‍\n\nTomer Shussman: I would also say that we are addressing ourselves as the e-motion company. Our goal is to help people move healthier. And moving healthier, right now we are focused on physical therapy and recovery, but moving healthier is also about predicting medical emergencies and helping in medical emergencies. So, wherever there is motion, we want to be there. And the other part is, right now we are working through smartphones, but five years from now ... We all have watches or five years from now our TVs might have sensors in them. And so, we are committed to wherever there are sensors and wherever there is motion, we will bring feedback.\n‍\n\nTomer Shussman: In fact, I could summarize our value as OneStep in one word, I would say, feedback. The absence of feedback is really discouraging and good feedback given at the right time can motivate, can help facilitate accuracy, and can make the difference. So, our goal is to use every sensor out there in every motion related condition out there, to provide meaningful feedback.\n‍\n\nLaura Joszt: Thank you so much for tuning into this week's episode of Data Book. Make sure you follow us on Twitter @ChiefHealthExec, and on LinkedIn and Facebook. Until next time, I'm Laura Joszt.\n‍\n\n‍\n\n‍\n\nWant to learn more about how your practice can implement OneStep's innovative technology to extend care beyond in-person visits? Schedule a demo to explore the OneStep app and clinician portal.\n\n\nFollow us\nGet our app\nCopyright OneStep 2024\n|\nTerms of Service\n|\nPrivacy Policy\n|\nHIPAA Notice\nProduct\nScience\nPlatform\nExperience\nSolutions\nDigital Health\nRTM\nFall Prevention\nO&P\nMSK Surgeries\nResearch\nFor Patients\nCompany\nAbout\nCareers\nContact\nResources\nPublished Research\nWhite Papers\nCase Studies\nWebinars\nPress\nBlog\nFAQs",
    "token_count_estimate": 2846
}