{
    "id": "f9cd1830-2948-4102-a129-38650b3b4fc2",
    "url": "file://www_onestep.co-productplatform.html",
    "title": "www_onestep.co-productplatform.html",
    "docAuthor": "no author found",
    "description": "No description found.",
    "docSource": "URL link uploaded by the user.",
    "chunkSource": "link://https://www.onestep.co/product/platform",
    "published": "10/16/2024, 4:41:18 PM",
    "wordCount": 130,
    "pageContent": "Request Demo\n\nOneStep's Digital Care Platform\n\n\nDigital care powered by motion intelligence\n\nOne comprehensive solution with all the tools needed to assess, treat, and monitor patients both in person and remotely.\n\n\nRequest Demo\nThe OneStep App\n\nAvailable for iOS and Android, with versions for patients and clinicians\n\n\nMOTION LAB\nPATIENT ENGAGEMENT\nCLINICIAN APP\nCapture ongoing gait, mobility, and risk status using the power of the smartphone\n\nObjective gait analysis\nMobility tests and questionnaires\nRisk assessment protocols\nThe Clinician Portal\n\nAccessible from any web browser, designed with clinicians in mind\n\n\nACTIONABLE INSIGHTS\nDIGITAL CARE TOOLS\nHEP BUILDER\nDOCUMENTATION\nStrengthen documentation to justify care, streamline billing, and secure reimbursement\n\nReports generated with the click of a button\nData collected at the patient, population, and organizational levels\nSeamless copy to EMR and integration features\nINTEGRATED WITH\nReady to get started with OneStep?\nRequest Demo\nFollow us\nGet our app\nCopyright OneStep 2024\n|\nTerms of Service\n|\nPrivacy Policy\n|\nHIPAA Notice\nProduct\nScience\nPlatform\nExperience\nSolutions\nDigital Health\nRTM\nFall Prevention\nO&P\nMSK Surgeries\nResearch\nFor Patients\nCompany\nAbout\nCareers\nContact\nResources\nPublished Research\nWhite Papers\nCase Studies\nWebinars\nPress\nBlog\nFAQs",
    "token_count_estimate": 299
}