{
    "id": "137e76a5-5ca9-47de-b70e-f15672458aaa",
    "url": "file://www_onestep.co-patients.html",
    "title": "www_onestep.co-patients.html",
    "docAuthor": "no author found",
    "description": "No description found.",
    "docSource": "URL link uploaded by the user.",
    "chunkSource": "link://https://www.onestep.co/patients",
    "published": "10/16/2024, 4:41:21 PM",
    "wordCount": 1221,
    "pageContent": "Request Demo\nReach your goals faster\nwith OneStep.\n\nOneStep is a digital care solution that turns any smartphone into a motion analysis lab and empowers healthcare providers with deeper insight into patient health — for the most proactive, personalized care possible.\n\n\nGet Started\nThe only digital physical therapy platform with proven results in all areas of treatment and recovery\nJoint Replacement\nPre-op preparation\nPost-op rehabilitation\n\nSurgery prevention\nHealth & Wellness\nFall prevention\nBalance & stamina\n\nPelvic floor health\nSports Injuries\nTendon & ligament tears\nShin splints\n\nInjury prevention\nPain & Mobility\nAcute pain\nChronic pain\n\nLimited range of motion\nBone Health\nArthritis\nOsteoporosis\nFractures\nNeurological\nStroke (CVA)\nParkinson's disease\nMultiple Sclerosis\nSee the results of your efforts, in real time.\n\nWe’re taking the guesswork out of recovery. With OneStep, you can always see how much progress you’re making and know exactly what to do to reach your goals. OneStep is the only platform in the world that provides you with meaningful, easy-to-understand feedback, based on clinical-grade motion analysis directly from your smartphone.\n\n\nGet professional support, every step of the way.\n\nOneStep’s licensed physical therapists are handpicked for their clinical excellence and big hearts. Your personal therapist will meet with you regularly, help you set your goals, check in on your daily progress, and continuously adapt your personalized recovery plan. And whenever you need them, they’re always available for a chat or a quick call.\n\n\nRecover from anywhere, on your own terms.\n\nOneStep is designed to easily fit into your day-to-day life, so that you’re no longer limited to once a week at the clinic. OneStep will capture your motion whenever you carry your smartphone, turning daily activities into fun and effective exercise. Want to take an extra step? A personalized video exercise plan is one click away.\n\n\n9 in 10\n\nmembers consider OneStep to be essential to their recovery.\n\n\n72%\n\ncomplete their full course of care, with industry-high adherence and compliance.\n\n\n93%\n\nsuccessfully achieve their therapy goal, and report reduced pain, increased mobility and better life.\n\n\n4X\n\nincrease in therapist efficiency for PTs using OneStep, allowing more patients to be treated, more effectively.\n\n\nCommitted to clinical-grade standards\n\nOneStep's 24/7 smartphone motion lab is a medical device; developed, maintained and validated with clinical-grade standards. ExactStep, an add-on to OneStep which offers real-time interventive motion feedback, is available through prescription.\n\nLearn More\nWe value your privacy\n\nOneStep prides itself on its commitment to patient privacy. We use the highest encryption and privacy standards to ensure that your data is and will always be safe and private.\n\nRead our Privacy Policy\nHear from our users\nI highly recommend the app for all, including those of us that don’t think we need it.\n\nThe gait analysis information reported by OneStep enabled me to monitor and focus on certain aspects of my technique, which has improved markedly, becoming faster, smoother, more efficient, and less tiring. The OneStep app has motivated me to walk more and we all know how important exercise is to our health and well-being.\n\nPeter, 65\nOneStep's PT worked seamlessly with me!\n\nOneStep provided me with video chat access to a licensed physical therapist who created a customized exercise program for me. I could see my gait improving by looking at the gait parameters in my OneStep app. This was tremendously reassuring during the stressful early post-op period.\n\nJoanne W.\nTotal Knee Replacement\nI had both knees replaced in 2020 and two major back surgeries.\n\nI ran across OneStep and downloaded the app and I've found the app to be very, very useful. The analysis helps me to track the progress I'm making and trying to improve my scores motivates me to keep trying for more. The categories are well-chosen and the app functions perfectly.\n\nC, 84\npost-op muscle atrophy\nI Use OneStep Every Single Day\n\nI use OneStep every single day, sometimes to do exercises, and report my progress, other days just to measure how I am walking. It has really helped me improve my walking following two serious hip operations, and provided helpful personal support over the last year or so.\n\nPhilip, UK\nDouble Hip Replacement\nEveryone needs this app!\n\nI truly believe this program is outstanding and will help those that don't have access to home PT, or for those like me that are willing to do the extra work to get better.\n\nR, 54, New York\nHip Replacement\nI don't miss a day\n\nThe app pushes me to go out and record short daily walks, which I didn’t do before. I enjoy seeing the data day after day, I get feedback on my walks and make sure I don’t miss a day. I know I am getting better with my mobility, which is the best part for me.\n\nF, 81, Minnesota\nMultiple Sclerosis\nAmazing Therapists\n\nThe therapists are amazing and knowledgeable and kind! Also, the app forces me to be accountable on a daily basis.\n\nD, 57, Florida\nTotal Hip replacement\nFor those who are motivated, this is the best way to get better\n\nI truly believe this program is outstanding and will help those that don't have access to home PT, or for those like me that are willing to do the extra work to get better.\n\nN, 48, California\nSpine Injury\nI highly recommend the app for all, including those of us that don’t think we need it.\n\nThe gait analysis information reported by OneStep enabled me to monitor and focus on certain aspects of my technique, which has improved markedly, becoming faster, smoother, more efficient, and less tiring. The OneStep app has motivated me to walk more and we all know how important exercise is to our health and well-being.\n\nPeter, 65\nOneStep's PT worked seamlessly with me!\n\nOneStep provided me with video chat access to a licensed physical therapist who created a customized exercise program for me. I could see my gait improving by looking at the gait parameters in my OneStep app. This was tremendously reassuring during the stressful early post-op period.\n\nJoanne W.\nTotal Knee Replacement\nI had both knees replaced in 2020 and two major back surgeries.\n\nI ran across OneStep and downloaded the app and I've found the app to be very, very useful. The analysis helps me to track the progress I'm making and trying to improve my scores motivates me to keep trying for more. The categories are well-chosen and the app functions perfectly.\n\nC, 84\npost-op muscle atrophy\nI Use OneStep Every Single Day\n\nI use OneStep every single day, sometimes to do exercises, and report my progress, other days just to measure how I am walking. It has really helped me improve my walking following two serious hip operations, and provided helpful personal support over the last year or so.\n\nPhilip, UK\nDouble Hip Replacement\nEveryone needs this app!\n\nI truly believe this program is outstanding and will help those that don't have access to home PT, or for those like me that are willing to do the extra work to get better.\n\nR, 54, New York\nHip Replacement\nI don't miss a day\n\nThe app pushes me to go out and record short daily walks, which I didn’t do before. I enjoy seeing the data day after day, I get feedback on my walks and make sure I don’t miss a day. I know I am getting better with my mobility, which is the best part for me.\n\nF, 81, Minnesota\nMultiple Sclerosis\nAmazing Therapists\n\nThe therapists are amazing and knowledgeable and kind! Also, the app forces me to be accountable on a daily basis.\n\nD, 57, Florida\nTotal Hip replacement\nFor those who are motivated, this is the best way to get better\n\nI truly believe this program is outstanding and will help those that don't have access to home PT, or for those like me that are willing to do the extra work to get better.\n\nN, 48, California\nSpine Injury\nFollow us\nGet our app\nCopyright OneStep 2024\n|\nTerms of Service\n|\nPrivacy Policy\n|\nHIPAA Notice\nProduct\nScience\nPlatform\nExperience\nSolutions\nDigital Health\nRTM\nFall Prevention\nO&P\nMSK Surgeries\nResearch\nFor Patients\nCompany\nAbout\nCareers\nContact\nResources\nPublished Research\nWhite Papers\nCase Studies\nWebinars\nPress\nBlog\nFAQs",
    "token_count_estimate": 1783
}