{
    "id": "a9e06876-d206-4e99-891a-a767a9db7ae0",
    "url": "file://www_onestep.co-resources-blogadvanced-exercises-after-a-total-knee-replacement.html",
    "title": "www_onestep.co-resources-blogadvanced-exercises-after-a-total-knee-replacement.html",
    "docAuthor": "no author found",
    "description": "No description found.",
    "docSource": "URL link uploaded by the user.",
    "chunkSource": "link://https://www.onestep.co/resources-blog/advanced-exercises-after-a-total-knee-replacement",
    "published": "10/16/2024, 4:43:17 PM",
    "wordCount": 857,
    "pageContent": "Request Demo\nAdvanced Exercises After a Total Knee Replacement\nAugust 18, 2022\n\nImprove Your Joints Stability - Try Now With 14 Days Free\n\nSchedule a Demo\nOne of the most important goals after a total knee replacement (TKR) is to adequately strengthen the surrounding muscles to improve the joints stability, and to advance your exercises as your knee strength progresses.\n\n‍\n\nAfter your operation, you might feel less stable standing on the operated leg. There are three reasons for this feeling:\n‍\n1: There are two main ligaments deep inside the knee joint; The anterior cruciate ligament (ACL) and posterior cruciate ligament (PCL). The PCL is sometimes spared but may be weakened after surgery while the ACL is completely removed.\n2: The new joint surfaces are not the exact replica of your natural knee and may feel wobbly.\n3: There is often decreased muscle strength from inactivity beforehand and from the surgery itself.\n‍\nOf these three factors of joint instability, there is one major factor that we can improve - you guessed it, strengthening! You need to exercise and strengthen two main muscle groups to stabilize your knee. They are the quadriceps and hamstrings! The “quad” group is a set of 4 muscles in the front of the leg that starts at the hip and finally attaches to an area just below the kneecap. These muscles are primarily responsible for extending, or straightening the knee. The hamstrings are a set of 3 muscles that start at your sit bones in your buttocks and attach to the back of your knee. These muscles are primarily responsible for flexing, or bending the knee.\n\nThe solution is to strengthen these muscle groups, giving them the ability to take over the role of stabilizing the knee joint. While you start strengthening the muscles from day one after surgery, it is important to continue to advance your exercises as you become stronger.\n\n‍\n\nHere are some great advanced exercises after a TKR:\n‍\n\nSeated knee extension with resistance: Sit in a chair with ankle weights on your legs or a resistance band tied around your ankle and then to a sturdy chair leg. Straighten your knee and slowly return to the starting position. Start with enough repetitions to cause muscle fatigue, and once that gets easier increase the weight/resistance.\n‍\n\n‍\nWall squats: Start in a standing position with your back against the wall. Bend your knees as if you are going to sit down in a chair and hold this position for at least 15 sec. Perform several repetitions until you feel muscle fatigue. As you get stronger, hold the pose longer.\n‍\n\n‍\nBridges: Start by lying on your back with your knees bent. Keep your feet flat on the floor, hip-width apart. Contract your buttocks and lift your hips off the floor towards the ceiling, being careful not to arch the low back. Return to the starting position. Repeat at least 20 times to fatigue. As this gets easier, consider holding a weight on your abdomen for an extra challenge.\n‍\n\n‍\nStanding knee bends with resistance: Use an ankle weight around your lower leg. Start in a standing position with your hands on a counter or wall. Slowly bend your knee so that your heel comes closer to your buttocks. Return to starting position, being mindful to slowly lower your foot all the way to the floor with control. Perform until fatigued.\n\n‍\n‍\nSquats: Start in standing with your feet hip-width apart. Squat and bend your knees as far as you comfortably can, keeping your back straight and shoulder slightly forward of your hips. Make sure your weight is transferred to the heels of your feet, not your toes. Return to the standing position.  As you become more comfortable with the exercise and improve your strength, start to hold onto weights or kettlebells to amp up the workout!\n‍\n\n‍\nDeadlifts: Start in a standing position and hold onto a broom in both hands. Keep a slight bend in your knees and hinge from your hips while keeping your spine straight. The broomstick should come to the mid-shin level then rise to a standing position. Perform this exercise for several reps, focusing on contracting your gluteal muscles and not straining the back. As you get comfortable with this exercise, slowly add a little bit of weight. You can swap out the broom for hand weights or wrap ankle weights around the broom!\n‍\n\n‍\nWhen it comes to strengthening any muscle, it’s important to advance the exercises as they become easier to perform. You can advance them by increasing the weight or resistance and always working the muscle until it feels fatigued. Exercise may cause mild discomfort, and that is OK! Perform strength training 2-3 days a week with a rest day in between, and you will notice improved strength and stability in your knees!\n‍\n\nLooking for more advanced exercises after a total knee replacement? Download the OneStep Digital Physical Therapy app to connect with a licensed PT who can create a customized exercise program for optimal strength gains. Our programs are great for those who recently had a knee replacement and those with an older surgical history looking to continue strengthening and address any lingering concerns.\n\n‍\n\nFollow us\nGet our app\nCopyright OneStep 2024\n|\nTerms of Service\n|\nPrivacy Policy\n|\nHIPAA Notice\nProduct\nScience\nPlatform\nExperience\nSolutions\nDigital Health\nRTM\nFall Prevention\nO&P\nMSK Surgeries\nResearch\nFor Patients\nCompany\nAbout\nCareers\nContact\nResources\nPublished Research\nWhite Papers\nCase Studies\nWebinars\nPress\nBlog\nFAQs",
    "token_count_estimate": 1177
}