{
    "id": "421ad9ec-6eaf-4be3-9f0a-0f4b417b4ab1",
    "url": "file://www_onestep.co-resourceshipaa-notice.html",
    "title": "www_onestep.co-resourceshipaa-notice.html",
    "docAuthor": "no author found",
    "description": "No description found.",
    "docSource": "URL link uploaded by the user.",
    "chunkSource": "link://https://www.onestep.co/resources/hipaa-notice",
    "published": "10/16/2024, 4:41:49 PM",
    "wordCount": 76,
    "pageContent": "Request Demo\nHIPAA Notice\n\nOneStep is committed to protecting the privacy and security of our users' data. We operate in compliance with all applicable privacy and data protection laws including HIPAA, the Health Insurance Portability and Accountability Act of 1996, as amended by the Health Information Technology for Economic and Clinical Health Act of 2009 (\"HITECH\").\n\n‍\n\nIf you have any questions, please email support@onestep.co\n\n\n\nFollow us\nGet our app\nCopyright OneStep 2024\n|\nTerms of Service\n|\nPrivacy Policy\n|\nHIPAA Notice\nProduct\nScience\nPlatform\nExperience\nSolutions\nDigital Health\nRTM\nFall Prevention\nO&P\nMSK Surgeries\nResearch\nFor Patients\nCompany\nAbout\nCareers\nContact\nResources\nPublished Research\nWhite Papers\nCase Studies\nWebinars\nPress\nBlog\nFAQs",
    "token_count_estimate": 181
}