{
    "id": "0d39031c-4cee-41d7-943d-e10b42e95a41",
    "url": "file://www_onestep.co-resources-blogin-their-own-words-peter-onestep.html",
    "title": "www_onestep.co-resources-blogin-their-own-words-peter-onestep.html",
    "docAuthor": "no author found",
    "description": "No description found.",
    "docSource": "URL link uploaded by the user.",
    "chunkSource": "link://https://www.onestep.co/resources-blog/in-their-own-words-peter-onestep",
    "published": "10/16/2024, 4:43:36 PM",
    "wordCount": 258,
    "pageContent": "Request Demo\nIn Their Own Words: Peter & OneStep\nOctober 13, 2022\n\nJoin Peter And Thousands More Happy Patients And Start Your Online Physical Therapy With OneStep\n\nSchedule a Demo\nMy Experience with OneStep\n\n\nWritten by Peter, 65 year old retired male.\n\n\nI don’t remember why OneStep caught my eye since I don't currently need physical therapy but I've found it entertaining and enlightening. Over the course of just a few recorded walks I was able to learn about and improve my gait on my own. You’d think walking unhindered by disease or injury would be instinctive but the gait analysis information reported by OneStep enabled me to monitor and focus on certain aspects of my technique, which has improved markedly, becoming faster, smoother, more efficient and less tiring. The OneStep app has motivated me to walk more and we all know how important exercise is to our health and well-being.\n\nOneStep makes it easy to communicate with their staff. They are extraordinarily responsive and helpful. Even though I haven’t used their therapy services, they've been very patient and helpful, quickly responding to my many questions and comments about the app and what it tells me about my gait.  \n\nIf I needed a therapist’s help with walking, I wouldn’t hesitate to take advantage of their unique service. I highly recommend the app for all, including those of us that don’t think we need it.\n\n\n\n\nClick here to learn how you can use the OneStep app to get your free gait analysis.\n\n‍\n\nFollow us\nGet our app\nCopyright OneStep 2024\n|\nTerms of Service\n|\nPrivacy Policy\n|\nHIPAA Notice\nProduct\nScience\nPlatform\nExperience\nSolutions\nDigital Health\nRTM\nFall Prevention\nO&P\nMSK Surgeries\nResearch\nFor Patients\nCompany\nAbout\nCareers\nContact\nResources\nPublished Research\nWhite Papers\nCase Studies\nWebinars\nPress\nBlog\nFAQs",
    "token_count_estimate": 404
}