{
    "id": "2d8a00ed-1ae5-4dfb-a6a0-745a8bcc4656",
    "url": "file://www_onestep.co-resources-blogfall-risk-assessments-from-anywhere-with-onestep.html",
    "title": "www_onestep.co-resources-blogfall-risk-assessments-from-anywhere-with-onestep.html",
    "docAuthor": "no author found",
    "description": "No description found.",
    "docSource": "URL link uploaded by the user.",
    "chunkSource": "link://https://www.onestep.co/resources-blog/fall-risk-assessments-from-anywhere-with-onestep",
    "published": "10/16/2024, 4:42:13 PM",
    "wordCount": 693,
    "pageContent": "Request Demo\nFall risk assessments from anywhere with OneStep\nMay 11, 2023\n\nExplore OneStep's Fall Risk Assessment Technology\n\nSchedule a Demo\n\nOrganizations across the US are leveraging OneStep's innovative, smartphone-only motion analysis technology and fall risk assessment capabilities to deliver proactive care that's improving patient mobility, safety, and outcomes. OneStep's fall risk assessment can be done from anywhere, at home or in-person across a variety of settings — including, but not limited to, skilled nursing, assisted living, home-based outpatient therapy, and outpatient care. OneStep's comprehensive evaluation of fall risk uses a proprietary calculation that incorporates the following components:\n\nFunctional mobility tests: the 30 Second Sit to Stand (STS) and the Timed Up and Go (TUG)\nQuestionnaires: a simplified 2 question Fall Confidence Questionnaire or the Falls Efficacy Scale (FES)\nEach patient's fall history\nOneStep's gait analysis data\n\n‍\n\nEasily identify and address falls within the OneStep clinical portal\n\nAll patient mobility and fall risk data is automatically transmitted to the OneStep clinical portal, enabling clinicians to easily access and interpret data. OneStep delivers actionable insights that fit into existing workflows for seamless implementation of robust fall risk assessment and prevention protocols, designed with real-world clinical settings in mind. Clinicians can use OneStep's fall risk insights to better triage care based on risk status and assist in regular fall risk screening.\n\nFall Risk Widget\nOneStep Fall Risk Widget\n\nThis holistic look at falls is displayed on a new widget, designed to help clinicians quickly identify fall risk status and take action. Referencing the widget clinicians can find:\n\nCurrent fall risk level  (Low, Medium, High, Very High)\nChange in the fall risk level\nDate of calculation\nBreakdown of each component and its contribution to the overall fall risk level (and those that are due for update)\n\nAt the bottom of the widget, there is also the option to report a new fall or document fall prevention actions.\n\n‍\n\n‍\n\n‍\n\n‍\n\nHome Screen\nOneStep Clinical Portal: Home Screen\n\nHighlighted in orange, the home screen presents aggregated patient fall risk data, enabling clinicians to quickly identify which patients on their case load are at risk for falls. From this view, clinicians are presented with not only which patients are at risk, but how many patients are at each specific fall risk level: very high, high, medium, and low. Clinicians can also see which patients have demonstrated a decline or improvement and report a new fall from one easy location.\n\n‍\n\n‍\n\n‍\n\n‍\n\n‍\n\n‍\n\n‍\n\nFall risk assessment in action\n\nA patient of a OneStep partner, a large organization of Skilled Nursing and Assisted Living Facilities, recently demonstrated significant improvement in his mobility and decreased his risk for falls! ‍\n\nA 71 y.o. male patient with neurological deficits and knee complications affecting his gait and mobility was identified by OneStep as a high fall risk. After only one month of working with his therapy team and using OneStep, the patient had made significant improvement across several important gait parameters! Not only did he improve, but his values for gait speed, stance asymmetry, step length, and stride length all shifted from outside to within the normal ranges.\n\nUsing OneStep's data, the therapist was able to clearly document objective improvements such as:\n\nRemarkable improvement in right step length — increasing it from 41 cm to 77 cm. ‍\nDecrease in step length asymmetry from 12% to 9% —  indicating a more symmetrical and efficient gait pattern. ‍\nIncrease in gait speed from 0.5 m/s to 0.9 m/s —  illustrating a decrease in fall risk based on current literature‍\nDecrease in stance asymmetry from 10% to 0.6%\nDecrease in fall risk status\n\n‍\n\nGait analysis data from OneStep\n\n‍\n\nLooking at another measurement unique to OneStep, the patient’s overall Walk Score increased by a total of 29 points in the short time-frame. An improvement in the Walk Score indicates improvements in gait and lower extremity functional mobility. This patient is an excellent example of how empowering clinicians with mobility insight not only improves outcomes and the delivery of proactive care, but captures objectively how their interventions are keeping patients safe and helping them reach their mobility goals.\n\n‍\n\nOur customers are thrilled to use OneStep to implement superior fall prevention measures, deliver incredible patient outcomes, and capture data that strengthens their documentation. Ready to learn how you can achieve the same at your facility?\n\nFollow us\nGet our app\nCopyright OneStep 2024\n|\nTerms of Service\n|\nPrivacy Policy\n|\nHIPAA Notice\nProduct\nScience\nPlatform\nExperience\nSolutions\nDigital Health\nRTM\nFall Prevention\nO&P\nMSK Surgeries\nResearch\nFor Patients\nCompany\nAbout\nCareers\nContact\nResources\nPublished Research\nWhite Papers\nCase Studies\nWebinars\nPress\nBlog\nFAQs",
    "token_count_estimate": 1052
}