{
    "id": "27b7d9d3-1bd0-4381-bb7a-6f0949db3a9f",
    "url": "file://www_onestep.co-providersprosthetics-orthotics.html",
    "title": "www_onestep.co-providersprosthetics-orthotics.html",
    "docAuthor": "no author found",
    "description": "No description found.",
    "docSource": "URL link uploaded by the user.",
    "chunkSource": "link://https://www.onestep.co/providers/prosthetics-orthotics",
    "published": "10/16/2024, 4:41:34 PM",
    "wordCount": 457,
    "pageContent": "Request Demo\n\nOneStep For Orthotists & Prosthetists\n\n\nDevices that change lives captured objectively by OneStep\n\nOneStep equips prosthetists and orthotists with objective gait and motion analysis data, enabling them to help their patients achieve better mobility and showcase the impact of their device objectively to payers and referrers.\n\n\nGet in Touch\nWhy partner with OneStep\nCapture objective data that strengthens documentation\n\nOneStep captures 40+ gait parameters including femoral rotation, single limb support, step and stride length, gait speed, range of motion, symmetry, and more that can be used to strengthen documentation with continuous, objective data.\n\n\nShowcase patient function and progress to payers and referrers\n\nJustify medical necessity and success of your intervention to secure reimbursement with quantifiable gait and motion analysis data including standardized mobility assessments and patient-reported outcome measures.\n\n\nImprove device fit and wear\n\nEnsure ongoing and meaningful data for long-term insights to custom tailor your interventions as necessary and validate the performance of your orthoses and prostheses.\n\n\nObserve the longitudinal impact of a device\n\nBy making clinically-validated gait and motion analysis convenient and accessible, collecting data over time is simple, allowing you visibility into longitudinal device success and trends.\n\n\nCompare patterns across patient populations and diagnoses\n\nCapture population-level data amongst your patients to observe trends and compare against OneStep’s database of 100M+ recorded gait cycles – the largest database of its kind!\n\nThe right package for your needs\n\nOneStep Science\nOneStep PT\nMonitor your patients to show your device's impact and improve outcomes\n\nExclusive 24/7 smartphone motion lab\n\nAccess to clinician web dashboard\n\nMeasure daily activities: walking, running, stairs\n\nEMR integration\n\nStandard PT tests: TUG, STS, 6-min walk, ROM\n\n24/7 chat with patient alerts\n\nFunctional surveys: standard and customized\n\nStaff training and ongoing support\n\nI wish I had a recording of how excited the clinical teams were when they described their experience with OneStep; It's such an improvement from their current experience.\"\n\nRachel Shiloh Yesharim\nCTO\n\n\nGetting started with OneStep is easy\n1\nSet up your OneStep account\n\nWhen you partner with OneStep, we’ll help you set up your account with your name, image and personalized settings.\n\n\n2\nSend your join code to patients\n\nYour patients will use this code upon signing up for OneStep, which will automatically link them to your account.\n\n\n3\nAccess patients' recovery data\n\nEasily track your patients recovery from the OneStep Clinc interface.\n\n\nPowerful science at your fingertips\n\nOneStep’s first-of-its-kind technology was designed to bring you clinically accurate data using only patients’ smartphones, allowing practitioners to adjust recovery protocols based on real-time demonstrated progress.\n\nLearn More\n9 in 10\n\nmembers consider OneStep to be essential to their recovery.\n\n\n72%\n\ncomplete their full course of care, with industry-high adherence and compliance.\n\n\n93%\n\nsuccessfully achieve their therapy goal, and report reduced pain, increased mobility and better quality of life.\n\n\n4X\n\nincrease in therapist efficiency for PTs using OneStep, allowing more patients to be treated, more effectively.\n\n\nReady for data that matters?\n\nContact us today to learn more about partnering with OneStep.\n\n\nGet in Touch\nFollow us\nGet our app\nCopyright OneStep 2024\n|\nTerms of Service\n|\nPrivacy Policy\n|\nHIPAA Notice\nProduct\nScience\nPlatform\nExperience\nSolutions\nDigital Health\nRTM\nFall Prevention\nO&P\nMSK Surgeries\nResearch\nFor Patients\nCompany\nAbout\nCareers\nContact\nResources\nPublished Research\nWhite Papers\nCase Studies\nWebinars\nPress\nBlog\nFAQs",
    "token_count_estimate": 771
}