{
    "id": "b202d515-c124-418d-b58a-ff3a2d97332b",
    "url": "file://www_onestep.co-resources-blogcaring-for-your-injured-joints.html",
    "title": "www_onestep.co-resources-blogcaring-for-your-injured-joints.html",
    "docAuthor": "no author found",
    "description": "No description found.",
    "docSource": "URL link uploaded by the user.",
    "chunkSource": "link://https://www.onestep.co/resources-blog/caring-for-your-injured-joints",
    "published": "10/16/2024, 4:43:40 PM",
    "wordCount": 428,
    "pageContent": "Request Demo\nHow to Care for Your Injured Joints\nApril 21, 2023\n\nStay up to date with the latest patient resources!\n\nSchedule a Demo\nPolice: The New Rice\n\n‍\n\n‍Remember the old acronym RICE for first aid to minor injuries of joints, muscles, and tendons? It stands for Rest, Ice, Compression, and Elevation and is useful knowledge for self-management of minor injuries. However, as we’ve advanced our knowledge of tissue damage and repair, there has been a pivot toward a new acronym called POLICE. This stands for Protect, Optimal Loading, Ice, Compression and Elevation. Essentially, R has been replaced with POL to be more comprehensive.\n\nProtect: the injured area. This should be the first order of business! The injured part should be protected from further disruption during this time with the use of braces, wraps, or walking aids.\n\nOptimal Load: This could mean anything from no weight bearing to full weight bearing to gentle isometric exercise and anything in between depending on the injury.\n\nIce: The use of ice has been debated recently, but most agree that nothing feels better on a hot, inflamed joint than a cold pack, especially in the first 48 hours. After this time period, it’s acceptable to use heat or alternate hot and cold packs.\n\nCompression: Wrap up that joint or strained muscle for extra support and to control any excess swelling. The right amount of compression and ice together really help control the pain.\n\nElevation: When there is a significant amount of swelling, raise the injured limb above the level of the heart to decrease swelling.\n‍\n\nInitially, in muscle and tendon injuries, there will be an inflammatory phase which, depending on the extent of injury, could last from several days to several weeks. The next two phases of healing are called regeneration and remodeling. Regeneration starts about four days after injury and can last up to 4 weeks. The remodeling phase can last for many more weeks and sometimes months. It is important to talk to your doctor or physical therapist and discuss timely and safe exercise to enhance your recovery. Research has proved that optimal loading of a tendon, as in resistance exercise, promotes remodeling and leads to long-term structural and functional improvements. There is sufficient evidence that correlates exercise and the release of cellular factors that promote muscle regeneration and healing. So talk to your doctor or physical therapist about the right time and dosing of exercise for your injury.\n\n\n\n‍\n\nWant to stay up to date with the latest patient resources? Follow OneStep on LinkedIn, Facebook, and Instagram!\n\n‍\n\nFollow us\nGet our app\nCopyright OneStep 2024\n|\nTerms of Service\n|\nPrivacy Policy\n|\nHIPAA Notice\nProduct\nScience\nPlatform\nExperience\nSolutions\nDigital Health\nRTM\nFall Prevention\nO&P\nMSK Surgeries\nResearch\nFor Patients\nCompany\nAbout\nCareers\nContact\nResources\nPublished Research\nWhite Papers\nCase Studies\nWebinars\nPress\nBlog\nFAQs",
    "token_count_estimate": 616
}