{
    "id": "10c6a368-6bca-4e54-ba02-3ae38a2f1107",
    "url": "file://www_onestep.co-postwhy-meeting-a-onestep-pt-is-as-good-as-meeting-an-in-person-pt.html",
    "title": "www_onestep.co-postwhy-meeting-a-onestep-pt-is-as-good-as-meeting-an-in-person-pt.html",
    "docAuthor": "no author found",
    "description": "No description found.",
    "docSource": "URL link uploaded by the user.",
    "chunkSource": "link://https://www.onestep.co/post/why-meeting-a-onestep-pt-is-as-good-as-meeting-an-in-person-pt",
    "published": "10/16/2024, 4:44:02 PM",
    "wordCount": 26,
    "pageContent": "Request Demo\n404 - We couldn't find this page\nBack to Homepage\nFollow us\nGet our app\nCopyright OneStep 2024\n|\nTerms of Service\n|\nPrivacy Policy\n|\nHIPAA Notice\nProduct\nScience\nPlatform\nExperience\nSolutions\nDigital Health\nRTM\nFall Prevention\nO&P\nMSK Surgeries\nResearch\nFor Patients\nCompany\nAbout\nCareers\nContact\nResources\nPublished Research\nWhite Papers\nCase Studies\nWebinars\nPress\nBlog\nFAQs",
    "token_count_estimate": 106
}