{
    "id": "356a279a-a0d7-4dfe-99c1-aef11116445e",
    "url": "file://www_onestep.co-resources-blogcan-onestep-treat-patients-with-neurological-conditions.html",
    "title": "www_onestep.co-resources-blogcan-onestep-treat-patients-with-neurological-conditions.html",
    "docAuthor": "no author found",
    "description": "No description found.",
    "docSource": "URL link uploaded by the user.",
    "chunkSource": "link://https://www.onestep.co/resources-blog/can-onestep-treat-patients-with-neurological-conditions",
    "published": "10/16/2024, 4:42:40 PM",
    "wordCount": 431,
    "pageContent": "Request Demo\nCan OneStep Treat Patients With Neurological Conditions?\nMarch 28, 2023\n\nNeurological conditions and your physical therapy needs\n\nSchedule a Demo\n\nWithout question, people navigating neurological conditions can benefit from, and should be going to physical therapy. In many cases of neurological conditions, a patient’s mobility is impacted and may begin to decline. Re-building muscle strength, improving balance and mobility, or maintaining current strength levels are paramount and areas in which a physical therapist can help.\n\n \n\nPhysical therapists are movement experts trained to help people navigate a wide variety of diagnoses — even beyond orthopedic issues. When it comes to neurological diseases, there are over a thousand different conditions, and each one impacts every person uniquely. Many people are unaware of the benefits of physical therapy that can drastically improve the quality of life and functional mobility of patients with neurological diagnoses. \n\n \n\nSome neurological conditions include:\n\nCerebral Palsy (CP)\nMultiple Sclerosis (MS)\nCerebral Vascular Accidents (CVA) - also known more commonly as a stroke\nAmyotrophic Lateral Sclerosis (ALS)\nTraumatic Brain Injury (TBI)\nParkinson’s Disease (PD)\nConcussions\nMigraines\n\nAnd more\n\n \n\nBecause each condition is different, a person who had a stroke might suffer from a limp and rely on a walking aid; someone with Multiple Sclerosis might suffer from muscle stiffness; a person with Parkinson’s Disease could be prone to falling.\n\n \n\nAll of these conditions involve musculoskeletal and neurological symptoms that can be addressed with a personalized physical therapy plan of care. This plan is professionally tailored to the patient’s individual goals and physical state. In fact, many physical therapy exercises are crafted and have been researched regarding their efficacy specifically with neurological patients and conditions in mind. Other exercises that may apply to many populations are also relevant to those with neurological issues.\n\n \n\nIn fact, OneStep was founded to treat stroke survivors. The original mission was to treat them according to their physical state, create personalized physical therapy courses for them, and to help guide them through their recovery. The very foundation of OneStep is based on stroke rehabilitation. As such, we take great pride in our ability to improve the lives of hundreds of patients with similar conditions. While physical therapy may not be able to completely reverse the effects of many neurological conditions, it can, however, improve mobility, relieve pain, and often restore some level of independence to our patients in their everyday lives. \n\n \n\nThe OneStep physical therapists are all licensed professionals with years of experience across all different fields. If you or a loved one can benefit from the OneStep app, download the app to get started on your recovery journey.\n\n‍\n\nFollow us\nGet our app\nCopyright OneStep 2024\n|\nTerms of Service\n|\nPrivacy Policy\n|\nHIPAA Notice\nProduct\nScience\nPlatform\nExperience\nSolutions\nDigital Health\nRTM\nFall Prevention\nO&P\nMSK Surgeries\nResearch\nFor Patients\nCompany\nAbout\nCareers\nContact\nResources\nPublished Research\nWhite Papers\nCase Studies\nWebinars\nPress\nBlog\nFAQs",
    "token_count_estimate": 647
}