{
    "id": "ca75402f-574c-47c9-907c-d2feedaada8c",
    "url": "file://www_onestep.co-resourcesterms-and-conditions.html",
    "title": "www_onestep.co-resourcesterms-and-conditions.html",
    "docAuthor": "no author found",
    "description": "No description found.",
    "docSource": "URL link uploaded by the user.",
    "chunkSource": "link://https://www.onestep.co/resources/terms-and-conditions",
    "published": "10/16/2024, 4:41:47 PM",
    "wordCount": 3035,
    "pageContent": "Request Demo\nTerms and Conditions\n\nWelcome to the OneStep digital platform which remotely analyzes and tracks a user’s gait and progress (“Gait Analysis”), while also enabling remote physical therapy or remedial exercise coaching plans provided by third party Service (as defined below) through a variety of different channels, including online at onestep.co (the “Website”), or via one or more mobile applications (the “Application”), based in part on such Gait Analysis (Gait Analysis, Website and Application, collectively the “Service”), and any information, text, graphics, photos or other materials uploaded, downloaded or appearing on the Service (collectively referred to as \"Content\"). The Service is owned and offered by Celloscope, Inc. and/or its subsidiaries or affiliates involved in providing and supporting the Service (collectively, “We”, “Us”, “Our” or “OneStep”). Please read these terms and conditions carefully before using the Service. \n\nBy accessing or using the Service, you agree to be bound by these terms and conditions (this “Agreement”). OneStep has the right to accept or reject any applicant for Services, in its sole and complete discretion.\n\nTHIS IS NOT A MEDICAL SERVICE. DO NOT USE THIS SERVICE FOR EMERGENCY MEDICAL NEEDS NOR FOR YOUR OTHER MEDICAL NEEDS. IF YOU EXPERIENCE A MEDICAL EMERGENCY, CALL 911 IMMEDIATELY. IF YOU REQUIRE MEDICAL CARE, PLEASE CONTACT YOUR DOCTOR OR OTHER HEALTH SERVICE PROVIDER.\n\n‍You hereby certify that you are (i) over the age of eighteen (18) or have the legal ability to consent to the Service or have your Parent/Guardian consent to the Service, and (ii) physically located or are a resident of the State you have chosen as your current residency when creating your Account. You agree to provide “Contact Information” (your personal contact and/or a close family member/relation) to your Provider to act as an information source to be used in case of an emergency where knowledge of your location is crucial. You acknowledge that your ability to access and use the Service is conditioned upon the truthfulness of the information you provide regarding your age, residence and Contact Information and that the Providers you access are relying upon this certification in order to interact with you and provide the Services.\n\nSERVICE AND CONTENT\n\nOneStep does not offer medical advice. Our Service provides you with our Gait Analysis informational services, and also enables a conduit for approaching and accessing members of the OneStep network of physical therapists or wellness coaches (“Providers”). Any medical or healthcare advice provided by such Providers is not provided by OneStep but rather by the individual medical or healthcare providers with whom you must first establish a physical therapist-patient relationship or a physician-patient relationship. Using, accessing, and/or browsing the Website or Application or providing personal medical history including via the Website or Application does not create a physical therapist- patient or physician-patient relationship between you and One Step or any of its employees and/or affiliates.\n\nUnless otherwise expressed to you in writing, nothing in the Service is intended to create a physician-patient or physical therapist-patient relationship, or to replace the services of a licensed, trained, in-person physician, physical therapist, or other health professional or be a substitute for medical advice of a physician or trained health professional licensed in your state.  You should not rely on anything contained in the Website or Application as a substitute for medical advice, and you should consult a healthcare provider licensed in your state in all matters relating to your health. You hereby agree that you shall not make any health or medical related decision based in whole or in part on anything contained in the Service, without further consulting a healthcare provider.\n\nAny content accessed through the or offered by the Service is for informational and educational purposes only, and is not intended to cover all possible uses, directions, precautions, drug interactions, or adverse effects. The Service, including the Gait Analysis, may be used to supplement and enhance your medical or healthcare treatment. The Service should not be used during a medical emergency or for the diagnosis or treatment of any medical condition.   Please consult your doctor or other qualified health care provider if you have any questions about a medical condition, or before taking any drug, changing your diet, or commencing or discontinuing any course of treatment. Do not ignore or delay obtaining professional medical advice because of information accessed through the Service.\n\nCall 911 or your doctor for all medical emergencies.\n\nReference to any product, recording, event, process, publication, service, or offering of any third party by name, trade name, trademark, service mark, company name, or otherwise, does not constitute or imply the endorsement or recommendation of such by OneStep. ONE STEP IS NOT RESPONSIBLE OR LIABLE FOR ANY ADVICE, COURSE OF TREATMENT, DIAGNOSIS OR ANY OTHER INFORMATION, SERVICES OR PRODUCTS THAT YOU MAY OBTAIN THROUGH THE SERVICE.\n\nACCOUNT ENROLLMENT\n\nTo access the Service, you must first enroll to establish an individual user account (“Account”). You agree to provide, maintain and update true, accurate, current, and complete information about yourself as prompted by our registration processes (the “Registration Data”). You agree not to open more than one account, impersonate any person or entity or misrepresent your identity or affiliation with any person or entity, including using another person's username, password or other account information, or another person's name, likeness, voice, image or photograph. You also agree to notify us promptly at support@onestep.co of any unauthorized use of your username, password, other account information, or any other breach of security that you become aware of involving or relating to our Site.\n\nYou are solely and fully responsible for maintaining the confidentiality of the login credentials (e-mail, username and password) of your Account and for all activities that occur under your Account. You agree not to disclose your login credentials to any third party. If you forget your password, you can request through the appropriate channel to have a new password issued and sent to your registered e-mail address. Your Account is at risk if you let someone else use it inappropriately.  We reserve the right to suspend or terminate your Account if we determine that you or anyone using your Account violates these Terms. If you failed to properly maintain your login credentials OneStep will not be liable for any loss that you incur as a result of someone else accessing and using your Account, either with or without your knowledge.\n\nNOTE THAT TERMINATING YOUR ACCOUNT MAY CAUSE THE LOSS AND/OR UNAVAILABILITY OF CONTENT, FEATURES, OR CAPACITY WITH REGARD TO YOUR ACCOUNT. ONESTEP SHALL NOT BE LIABLE IN ANY WAY FOR SUCH UNAVAILABILITY AND/OR LOSS.\n\nUSING OR ACCESSING THE SERVICE THROUGH A THIRD-PARTY\n\nIn some cases, You may be able to access the Service via certain third-party service providers (“Third Party Service Providers”). Where accessing the Service via such Third Party Service Providers you agree and acknowledge that the Third Party Service Providers are paying for the Service you receive from OneStep and your access to the Service (including, without limitation, the length of your access to the Service) shall be subject to the terms agreed between OneStep and the applicable Third Party Service Provider, and You acknowledge and agree that OneStep may share information pertaining to You or your use of the Service with such Third Party Service Provider. You further agree and acknowledge that by participating in and using the OneStep Service through a Third Party Service Provider You may be foregoing discounts or insurance coverage that may be available to you via alternative care options. You understand that following the period during which the Third Party Service Provider provided You with access to the OneStep Service, You shall be solely liable for any payments in connection with your use of the Service. \n\nACCEPTABLE USE\n\nYou agree not to access or use the Service in an unlawful way or for an unlawful or illegitimate purpose or in any manner that contravenes these terms. You shall not post, use, store or transmit (i) a message or information under a false name; (ii) information that is unlawful, libellous, defamatory, obscene, fraudulent, predatory of minors, harassing, threatening or hateful to any person; or (iii) information that infringes or violates any of the intellectual property rights of others or the privacy or publicity rights of others. You shall not attempt to disrupt the operation of the Service by any method, including through use of viruses, Trojan horses, worms, time bombs, denial of service attacks, flooding or spamming. You shall not use the Service in any manner that could damage, disable or impair the Service. You shall not attempt to gain unauthorized access to any user accounts or computer systems or networks, through hacking, password mining or any other means. You shall not use any robot, scraper or other means to access the Service for any purpose. Neither OneStep nor its affiliates are under any obligation to respond to messages posted on the Service. You are solely responsible for the information or material you post on the Service.\n\nINTELLECTUAL PROPERTY\n\nAll of the content available on or through the Service is the property of OneStep or its licensors and is protected by copyright, trademark, patent, trade secret and other intellectual property law. You agree not to reproduce, retransmit, distribute, disseminate, sell, publish, broadcast, or circulate the content received through the Service to any third party. All software and accompanying documentation made available for download from the Service is the copyrighted work of OneStep or its licensors. Any copy made of information obtained through the Service must include all applicable copyright notices.\n\nSubject to the terms of this Agreement, OneStep hereby grants you a limited, revocable, non-transferable and non-exclusive license to use the software, network facilities, platform, content and documentation on and in the Service to the extent, and only to the extent, necessary to access and use the Service.\n\nThe license granted herein does not permit you to, and you agree not to: (i) modify, translate, reverse engineer, disassemble, decompile or create derivative works of the Service or allow a third party, whether directly or indirectly (including, but not limited to the direct or indirect use of wizards, agents, bots, or other utilities), to modify, translate, reverse engineer, disassemble, decompile or create derivative works of the Service; or (ii) transfer, distribute, sell, lease, rent, disclose or provide access to the  Service to any third party or use the Service to provide service bureau, time sharing or other services to third parties.\n\nCONTENT AND SERVICES ACCESSED THROUGH THE ONESTEP SERVICE\n\nYou may choose to grant your healthcare provider or another third-party service permission to access, retrieve, modify, or use the health and other information in your Account. This may include services integrated into the OneStep platform. Once you authorize a third-party to access your account, they may continue to do so until you revoke access. These third-party services can include healthcare providers or other external entities. It is solely your responsibility to review and approve each third-party service before sharing your information. Use of these services and reliance on their content is at your own risk. OneStep is not liable for any damages arising from or related to your use of third-party services or content.\n\nDISCLAIMERS\n\nACCESS TO THE SERVICE AND THE INFORMATION CONTAINED THEREIN IS PROVIDED “AS IS” AND “AS AVAILABLE” WITHOUT ANY WARRANTY OF ANY KIND, EXPRESS OR IMPLIED. TO THE FULLEST EXTENT PERMISSIBLE PURSUANT TO APPLICABLE LAW, ONESTEP DISCLAIMS ALL WARRANTIES OF ANY KIND, EITHER EXPRESS OR IMPLIED, INCLUDING BUT NOT LIMITED TO ANY IMPLIED WARRANTIES OF TITLE, MERCHANTABILITY, FITNESS FOR A PARTICULAR PURPOSE OR NON-INFRINGEMENT.\n\nWITHOUT LIMITING THE FOREGOING, ONESTEP DOES NOT WARRANT THAT ACCESS TO THE SERVICE WILL BE UNINTERRUPTED OR ERROR-FREE, OR THAT DEFECTS, IF ANY, WILL BE CORRECTED. YOU EXPRESSLY AGREE THAT YOUR USE OF THE SERVICE AND YOUR RELIANCE UPON ANY OF ITS CONTENTS IS AT YOUR SOLE RISK.\n\nYOU SHALL BE SOLELY AND FULLY RESPONSIBLE FOR ANY DAMAGE TO THE SERVICE OR ANY COMPUTER SYSTEM, ANY LOSS OF DATA, OR ANY IMPROPER USE OR DISCLOSURE OF INFORMATION ON THE SERVICE CAUSED BY YOU OR ANY PERSON USING YOUR USERNAME OR PASSWORD. ONESTEP CANNOT AND DOES NOT ASSUME ANY RESPONSIBILITY FOR ANY LOSS, DAMAGES OR LIABILITIES ARISING FROM THE FAILURE OF ANY TELECOMMUNICATIONS INFRASTRUCTURE, OR THE INTERNET, OR FOR YOUR MISUSE OF ANY PROTECTED HEALTH INFORMATION, ADVICE, IDEAS, INFORMATION, INSTRUCTIONS OR GUIDELINES ACCESSED THROUGH THE SERVICE.\n\nLIMITATIONS OF LIABILITY\n\nIN THE EVENT OF ANY PROBLEM WITH THE SERVICE OR ANY OF ITS CONTENT, YOU AGREE THAT YOUR SOLE REMEDY IS TO CEASE USING THE SERVICE. UNDER NO CIRCUMSTANCES SHALL ONESTEP , ANY ONESTEP LICENSOR OR SUPPLIER, OR ANY THIRD PARTY WHO PROMOTES THE SERVICE OR PROVIDES YOU WITH A LINK TO THE SERVICE BE LIABLE IN ANY WAY FOR YOUR USE OF THE SERVICE OR ANY OF ITS CONTENT, INCLUDING, BUT NOT LIMITED TO, ANY ERRORS OR OMISSIONS IN ANY CONTENT, ANY INFRINGEMENT BY ANY CONTENT OF THE INTELLECTUAL PROPERTY RIGHTS OR OTHER RIGHTS OF THIRD PARTIES, OR FOR ANY LOSS OR DAMAGE OF ANY KIND INCURRED AS A RESULT OF THE USE OF ANY CONTENT.\nUNDER NO CIRCUMSTANCES SHALL ONESTEP, ITS LICENSORS OR SUPPLIERS OF NON-MEDICAL/ PHYSICAL HEALTHCARE SERVICES OR ANY THIRD PARTY WHO PROMOTES THE SERVICE OR PROVIDES YOU WITH A LINK TO THE SERVICE, BE LIABLE FOR ANY PUNITIVE, EXEMPLARY, CONSEQUENTIAL, INCIDENTAL, INDIRECT OR SPECIAL DAMAGES (INCLUDING, WITHOUT LIMITATION, ANY PERSONAL INJURY, LOST PROFITS, BUSINESS INTERRUPTION, LOSS OF PROGRAMS OR OTHER DATA ON YOUR COMPUTER OR OTHERWISE) ARISING FROM OR IN CONNECTION WITH YOUR USE OF THE SERVICE, WHETHER UNDER A THEORY OF BREACH OF CONTRACT, NEGLIGENCE, STRICT LIABILITY, MALPRACTICE OR OTHERWISE, EVEN IF ONESTEP OR THEY HAVE BEEN ADVISED OF THE POSSIBILITY OF SUCH DAMAGES.\n\nSome jurisdictions do not allow the exclusion of certain warranties or the exclusion or limitation of liability for consequential or incidental damages, so the limitations above may not apply to you.\n\nYou agree to indemnify, defend, and hold harmless OneStep and its respective employees, directors, officers, subsidiaries, affiliates, partners, contractors, subcontractors and agents of each, against any and all claims, damages, or costs or expenses (including reasonable attorneys’ fees) that arise directly or indirectly from: (a) breach of these Terms by you or anyone using your computer, mobile device or login credentials; (b) any claim, loss or damage experienced from your use or attempted use of (or inability to use) the Service; (c) your violation of any law or regulation; (d) your infringement of any right of any third party; (d) information you provide to or use in connection with the Service violating third party intellectual, privacy or other rights and (e) any other matter for which you are responsible hereunder or under law. You agree that your use of the Service shall be in compliance with all applicable laws, regulations and guidelines.\n\nLINKS\n\nAny link (including a hyperlink, button or referral device of any kind) used in the Service is provided for your use and convenience. The appearance of a link does not constitute an endorsement, recommendation or certification by OneStep, nor should the presence of a link in any way be construed as a suggestion that any third-party website has any relationship to OneStep. OneStep does not endorse the content on any third-party websites. OneStep is not responsible for the content of linked third-party websites or third-party advertisements, and does not make any representations regarding its content or accuracy. OneStep does not knowingly link to websites that may infringe on valid and existing trademarks, service marks, copyrights or patents. Your use of third-party websites is at your own risk and subject to the terms and conditions of use for such websites.\n\nTERMINATION\n\nOneStep may suspend or terminate your access to the Service at any time, for any reason or for no reason at all. OneStep has the right (but not the obligation) to refuse to provide access to the Service to any person, agency or organization at any time, for any reason or for no reason at all, in our sole discretion. OneStep reserves the right to change, suspend, or discontinue all or part of the Service, temporarily or permanently, without prior notice.\n\nDISPUTES\n\nAny dispute or claim relating in any way to your use of the OneStep Service will be resolved by binding confidential arbitration, rather than in court. The Federal Arbitration Act and federal arbitration law apply to these Terms.\n\nThere is no judge or jury in arbitration, and court review of an arbitration award is limited. However, an arbitrator can award on an individual basis the same damages and relief as a court (including injunctive and declaratory relief or statutory damages) and must interpret these Terms as a court would.\n\nIt is agreed that any dispute resolution proceedings will be conducted only on an individual basis and not in a class, consolidated or representative action. If for any reason a claim proceeds in court rather than in arbitration, OneStep and you each waive any right to a jury trial. It is further agreed that you may not bring suit in court to enjoin infringement or other misuse of intellectual property rights.\n\nGENERAL\n\nThese Terms are governed by the laws of the State of Delaware, without regard to any conflict of laws rules or principles. You agree to submit to the venue and jurisdiction of the Delaware courts in the cases that arbitration is not successful or is assigned or appealed to a civil court. OneStep’s failure to enforce any right or provision of these Terms will not be considered a waiver of those rights. If any provision of these Terms is held to be invalid or unenforceable by a court, the remaining provisions of these Terms will remain in effect. Notices required to be given to you by OneStep may be delivered by electronic mail to the address provided during the creation of your Account. These Terms constitute the entire Agreement between OneStep and yourself regarding the Service, and supersede and replace any prior agreements you and OneStep might have regarding the Service. OneStep may revise these Terms from time to time without notice to you. By continuing to access or use our Service after those revisions become effective, you agree to be bound by the revised terms. We encourage you to read the stems periodically.\n\nThese Terms of Use were last updated on Oct 16, 2024 and are deemed effective as amended as of this date.\n\nFollow us\nGet our app\nCopyright OneStep 2024\n|\nTerms of Service\n|\nPrivacy Policy\n|\nHIPAA Notice\nProduct\nScience\nPlatform\nExperience\nSolutions\nDigital Health\nRTM\nFall Prevention\nO&P\nMSK Surgeries\nResearch\nFor Patients\nCompany\nAbout\nCareers\nContact\nResources\nPublished Research\nWhite Papers\nCase Studies\nWebinars\nPress\nBlog\nFAQs",
    "token_count_estimate": 3920
}