{
    "id": "da68e553-9d53-433f-9ca6-b4dd59a55c44",
    "url": "file://www_onestep.co-resources-blogexercises-to-perform-after-a-knee-replacement.html",
    "title": "www_onestep.co-resources-blogexercises-to-perform-after-a-knee-replacement.html",
    "docAuthor": "no author found",
    "description": "No description found.",
    "docSource": "URL link uploaded by the user.",
    "chunkSource": "link://https://www.onestep.co/resources-blog/exercises-to-perform-after-a-knee-replacement",
    "published": "10/16/2024, 4:43:18 PM",
    "wordCount": 517,
    "pageContent": "Request Demo\n5 Exercises to Perform After A Knee Replacement\nOctober 9, 2022\n\nStart regaining motion and strength after a TKR\n\nSchedule a Demo\nAfter a total knee replacement (TKR), you will be prescribed exercises to start gaining range of motion and strength.\n\nIt’s important to begin safe exercise as soon as possible for best outcomes after surgery! We’ve put together a list of the best exercises after a knee replacement that you can start early in your recovery with the guidance of your physical therapist.\n\n\nWatch the post-TKR exercise video playlist included at the bottom of this blog for more information on how to perform these exercises correctly.\n\n‍\n\n‍‍Sit to Stand\nSit on a stable chair with both feet firmly on the floor. You can use a chair with armrests to make this exercise easier, or raise your arms out in front of you so that they are parallel to the floor to make this exercise more of a challenge as you get stronger. Lean forward, hinging at the hips, and rise up to standing position. Make sure you don’t lock your knees while standing or allow your knees to cave inward toward each other. Slowly lower yourself back down to the chair, then repeat.\n‍\nStatic Quad Set\nLie on your back with your legs stretched out, toes pointing upward, and a pillow beneath the affected knee. Slowly squeeze the muscles surrounding your knee (your quadriceps) to straighten it. Another cue that often helps is to imagine you are trying to squish the pillow down onto the table by pressing the back of your knee down onto it. Maintain the contraction for 10-30 seconds, release, then repeat.\n‍\nSupine Heel Slide\nLie on your back with your legs stretched out, toes pointing upward, and heels on the floor. While engaging your buttocks and core, slowly slide one heel towards your buttocks, bending at the knee. Slide your heel forward again, straightening your knee, as your leg returns to the starting position, then repeat.\n‍\nSupine Short Arc Quad (knee extension)\nPlace a pillow or bolster under your affected thigh. Lie on your back with your legs stretched out, toes pointing upward, heels on the floor, and your affected knee slightly bent over the pillow or bolster. Straighten your affected knee, lifting the heel off the floor. Hold for a moment once your leg is fully extended, then slowly lower your heel back to the starting position. Make sure your toes point upward throughout the entire movement and that you engage your core and buttocks. To protect your low back, you can bend the opposite leg for added support during this exercise.\n‍\nSeated Long Arc Quad (knee extension)\nSitting in a chair with your feet on the floor, slowly extend your knee so your lower leg is raised and straight out in front of you. Hold for a moment, then lower your foot to the ground with control and repeat. You can use your arms to support yourself, but remember to engage your core throughout the entire movement.\n\n\nFor video demonstration of exercises after a knee replacement, visit our youtube playlist!\n\nFollow us\nGet our app\nCopyright OneStep 2024\n|\nTerms of Service\n|\nPrivacy Policy\n|\nHIPAA Notice\nProduct\nScience\nPlatform\nExperience\nSolutions\nDigital Health\nRTM\nFall Prevention\nO&P\nMSK Surgeries\nResearch\nFor Patients\nCompany\nAbout\nCareers\nContact\nResources\nPublished Research\nWhite Papers\nCase Studies\nWebinars\nPress\nBlog\nFAQs",
    "token_count_estimate": 730
}