{
    "id": "eb3ae72c-8d53-4fd4-9691-32df2605cd9b",
    "url": "file://www_onestep.co-resourcesfaq.html",
    "title": "www_onestep.co-resourcesfaq.html",
    "docAuthor": "no author found",
    "description": "No description found.",
    "docSource": "URL link uploaded by the user.",
    "chunkSource": "link://https://www.onestep.co/resources/faq",
    "published": "10/16/2024, 4:41:44 PM",
    "wordCount": 107,
    "pageContent": "Request Demo\nFrequently Asked Questions\nMOTION SCIENCE AND MONITORING\nIs OneStep clinically validated?\nHow does OneStep capture real-world motion analysis data?\nDoes OneStep’s gait and motion analysis require wearables or additional equipment?\nREMOTE CARE PLATFORM, SECURITY AND PRIVACY\nWhat is OneStep's privacy policy?\nWhat EHR systems does OneStep integrate with?\nWhat are the main features of OneStep?\nIs the OneStep mobile app compatible with iOS and Android?\nEXPERIENCE AND CARE WORKFLOWS\nCan I use OneStep with patients that do not have their own phones?\nCLINICAL USES\nHow does OneStep calculate fall risk?\nDoes OneStep support Remote Therapeutic Monitoring (RTM)?\nWhich types of organizations is OneStep appropriate for?\nFollow us\nGet our app\nCopyright OneStep 2024\n|\nTerms of Service\n|\nPrivacy Policy\n|\nHIPAA Notice\nProduct\nScience\nPlatform\nExperience\nSolutions\nDigital Health\nRTM\nFall Prevention\nO&P\nMSK Surgeries\nResearch\nFor Patients\nCompany\nAbout\nCareers\nContact\nResources\nPublished Research\nWhite Papers\nCase Studies\nWebinars\nPress\nBlog\nFAQs",
    "token_count_estimate": 249
}