{
    "id": "1bcf71f9-fa3d-4f53-aff3-1cea22988430",
    "url": "file://www_onestep.co-welcomesenior-living-playbook.html",
    "title": "www_onestep.co-welcomesenior-living-playbook.html",
    "docAuthor": "no author found",
    "description": "No description found.",
    "docSource": "URL link uploaded by the user.",
    "chunkSource": "link://https://www.onestep.co/welcome/senior-living-playbook",
    "published": "10/16/2024, 4:43:49 PM",
    "wordCount": 165,
    "pageContent": "Request Demo\nUnlock the Future of Senior Living with OneStep’s Comprehensive Digital Care Playbook\nDownload Your Copy Today to Transform Senior Care through Technology\nGain Invaluable Insights Into:\nEmerging Trends in Senior Living Technology\nStrategic Implementations of Digital Care Solutions\nFinancial Models and ROI Analysis for Digital Care Integration\nSuccess Stories and Case Studies from Leading Senior Living Providers\nAbout the Playbook\n\nOur playbook offers an in-depth exploration of the intersection of technology and senior living care. Crafted with the expertise of leading senior living executives and digital health professionals, this guide provides a strategic roadmap to enhance care delivery through advanced digital solutions.\n\nCovering topics from market analysis and operational challenges to detailed implementation strategies, our playbook equips senior living executives with the knowledge to lead their facilities through digital transformation effectively.\n\n‍\n\nFill out the form to download our playbook and begin your journey towards a digitally enhanced future in senior care.\nFull name\nEmail address\nPhone Number\nWhat best describes me\nSelect one...\nPatient\nProvider\nOther\nMessage\nFollow us\nGet our app\nCopyright OneStep 2024\n|\nTerms of Service\n|\nPrivacy Policy\n|\nHIPAA Notice\nProduct\nScience\nPlatform\nExperience\nSolutions\nDigital Health\nRTM\nFall Prevention\nO&P\nMSK Surgeries\nResearch\nFor Patients\nCompany\nAbout\nCareers\nContact\nResources\nPublished Research\nWhite Papers\nCase Studies\nWebinars\nPress\nBlog\nFAQs",
    "token_count_estimate": 299
}