{
    "id": "07f37969-4608-42db-aa46-c9d7e286610f",
    "url": "file://www_onestep.co-resourcespublished-research.html",
    "title": "www_onestep.co-resourcespublished-research.html",
    "docAuthor": "no author found",
    "description": "No description found.",
    "docSource": "URL link uploaded by the user.",
    "chunkSource": "link://https://www.onestep.co/resources/published-research",
    "published": "10/16/2024, 4:41:40 PM",
    "wordCount": 394,
    "pageContent": "Request Demo\nClinical Research\n\nOneStep is committed to advancing the understanding of human motion through ongoing research\n\n\nOUR RESEARCH PARTNERS\nPublished\nValidation study\nThe validity and reliability of the OneStep smartphone application under various gait conditions\n\nChristensen JC et. al., J Orthop Surg Res. 2022 Sep 14;17(1):417...\n\nValidation study\nSmartphone-based inertial sensors technology - validation of a new application to measure gait metrics\n\nShema-Shiratzky S, Beer Y, Mor A, Elbaz A., Gait Posture. 2022 Mar;93:102-106...\n\nValidation study\nGait analysis using accelerometry data from a single smartphone: a smartphone app and gold-standard gait analysis system\n\nShahar, R.T.; Agmon, M., Sensors 2021, 21, 7497...\n\nValidation study\nThe Reliability and Validity of the OneStep Smartphone Application for Gait Analysis among Patients Undergoing Rehabilitation for Unilateral Lower Limb Disability\n\nMarom P, Brik M, Agay N, et al. Sensors. 2024 Jun, 24(11)....\n\nValidation study\nEvaluation of Smartphone Technology on Spatiotemporal Gait in Older and Diseased Adult Populations\n\nContreras C., Stanley E.C., Deschamps-Prescott C., Burnap S., Hopkins M., Browning B., and Christensen J.C....\n\nClinical study\nRecording context matters: Differences in gait parameters collected by the OneStep smartphone application\n\nGabriela Rozanski, David Putrino, Clinical Biomechanics, Volume 99, 2022, 105755...\n\nClinical study\nSpatiotemporal parameters from remote smartphone-based gait analysis are associated with lower extremity functional scale categories\n\nGabriela Rozanski, Andrew Delgado, David Putrino, 2023, 4:1189376...\n\nRetrospective analysis\nOneStep's Walk Score Correlates with Functional Mobility Outcome Measures\nRetrospective analysis\nHow humans walk differently when conscious vs unconscious of their movement\nRetrospective analysis\nComparing OneStep's gait analysis to Apple HealthKit\nRetrospective analysis\nOneStep's Gait Analysis Database Establishes Objective Recovery Benchmarks After Joint Replacement\nRetrospective analysis\nOneStep’s fall risk assessment is comparable to clinician assessment\nRetrospective analysis\nProviding patients with motion feedback improves adherence to exercise programs\nAlgorithm development\nA new kinetic parameter: maximum heelstrike force\nRetrospective analysis\nLeveraging gait analysis to capture progress in patients with a prosthetic lower limb\nRetrospective analysis\nThree Important Gait Parameters that Correlate with Patient-Reported Outcome Measures\nRetrospective analysis\nGait analysis reveals critical insight into patient progress\nAlgorithm development\nOneStep equips providers with normative gait analysis data at patient and population levels\nClinical perspective\nUsing gait analysis to better understand patient impairments and create data-driven interventions\nPatient story\nGait Assessment on the Go\nIn writing...\nClinical study (in progress)\nMonitoring patients before and after spine surgery to understand how gait can track recovery, predict time to discharge, and understand natural disease progressions\n\nNYU Langone Health...\n\nClinical study (in progress)\nHow martial-arts-based therapy affects gait during cognitive load in children with ADHD\n\nTel Aviv University...\n\nRandomized control trial (in progress)\nDigital care powered by OneStep facilitates patient outcomes equivalent to traditional in-person care\n\nMt Sinai...\n\nFollow us\nGet our app\nCopyright OneStep 2024\n|\nTerms of Service\n|\nPrivacy Policy\n|\nHIPAA Notice\nProduct\nScience\nPlatform\nExperience\nSolutions\nDigital Health\nRTM\nFall Prevention\nO&P\nMSK Surgeries\nResearch\nFor Patients\nCompany\nAbout\nCareers\nContact\nResources\nPublished Research\nWhite Papers\nCase Studies\nWebinars\nPress\nBlog\nFAQs",
    "token_count_estimate": 822
}