{
    "id": "472c8f91-e263-45db-92f4-359d0e5cc56f",
    "url": "file://www_onestep.co-resourceswebinars.html",
    "title": "www_onestep.co-resourceswebinars.html",
    "docAuthor": "no author found",
    "description": "No description found.",
    "docSource": "URL link uploaded by the user.",
    "chunkSource": "link://https://www.onestep.co/resources/webinars",
    "published": "10/16/2024, 4:41:43 PM",
    "wordCount": 130,
    "pageContent": "Request Demo\nWebinars\n\nIndustry experts talk about digital care, gait and mobility, remote monitoring, fall prevention, and more\n\n\nKeep Care on Track: Using Smartphone Motion AI for Care Extensions and Smooth Transitions\nBeneath the Surface: The Hidden Role of Remote Therapeutic Monitoring in Fall Prevention\nEmpowering Clinicians Across the Post Acute Continuum: Leveraging Smartphone Technology for Comprehensive Clinical Insights into and Aging Population\nThe Impact of Remote Therapeutic Monitoring on Older Adults\nSmartphone Gait Analysis & its Application in Fall Prevention & Remote Therapeutic Monitoring\nMastering Fall Prevention: Empowering Healthcare Facilities with OneStep's Innovative Solution\nRevolutionizing Rehabilitation in the Digital Era with OneStep\nMaster Precise Data Collection: Decoding the FY 2024 SNF Final Rule\nFacilitating Hybrid Care in your Practice: Driving Clinical & Economic Value\nFollow us\nGet our app\nCopyright OneStep 2024\n|\nTerms of Service\n|\nPrivacy Policy\n|\nHIPAA Notice\nProduct\nScience\nPlatform\nExperience\nSolutions\nDigital Health\nRTM\nFall Prevention\nO&P\nMSK Surgeries\nResearch\nFor Patients\nCompany\nAbout\nCareers\nContact\nResources\nPublished Research\nWhite Papers\nCase Studies\nWebinars\nPress\nBlog\nFAQs",
    "token_count_estimate": 265
}