{
    "id": "9e257b73-8c91-4016-93b6-03bc8a4a8b52",
    "url": "file://www_onestep.co-resources-blogtrick-or-treat-with-ease.html",
    "title": "www_onestep.co-resources-blogtrick-or-treat-with-ease.html",
    "docAuthor": "no author found",
    "description": "No description found.",
    "docSource": "URL link uploaded by the user.",
    "chunkSource": "link://https://www.onestep.co/resources-blog/trick-or-treat-with-ease",
    "published": "10/16/2024, 4:43:41 PM",
    "wordCount": 498,
    "pageContent": "Request Demo\nTrick or Treat with Ease\nApril 21, 2023\n\nImprove Your Walk With OneStep - Get 14 Day Free Trial\n\nSchedule a Demo\nHalloween is just around the corner and you may be scurrying around to put the finishing touches on costumes for a spooky night.  \n\n‍\n\nWhether you're attending a party or walking long distances to ‘trick or treat’ with kids, most likely, you'll be standing and walking for longer periods of time than you're used to.  Well, fear not! The evening may be frightful, but the aches and pains in your joints don’t have to be!\n\nFollow these tips to avoid sore legs and feet so you can focus on the fun!\n‍\n\n1) Wear good shoes.\nIf you plan to accompany the kids around the neighborhood, leave the work shoes behind and don a supportive pair of sneakers before you walk out that door.  Not only will your feet thank you, but you might feel a spring in your step and earn yourself a treat! If you plan to dress up and it requires some crazy footwear, stash a pair of comfy sneaks in your bag. Make your grand entrance in your costume shoes and when the lights dim, switch them out for your other pair.\n‍\n\n2) Stay hydrated.\nThe cartilage in our joints contains 70-80% water (1) and the fluid that lubricates the joints is also composed of water. When you are dehydrated, these substances also lose some hydration which can lead to friction and therefore pain or discomfort.\n‍\n\n3) Limit foods that cause inflammation.\nThere are many, but we will focus on the biggest offender today; SUGAR. In short, when our bodies metabolize sugar there is a release of a chemical called cytokines. Cytokines are a notorious pro-inflammatory substance and they are high in people who eat processed and sugary foods regularly.  Check out  Medical News  for a more in-depth look on this topic.\n‍\n\n4) Add foods that decrease inflammation.\nIn an effort to control that processed food intake, indulge in some fresh fruits and vegetables to satisfy that craving and reverse some of that cytokine action. Broccoli and carrots may not be as appetizing as a Snickers bar, but a bowl of fresh berries with a dollop of pure whipped cream is a close second and they are a powerhouse of antioxidants and anti-inflammatories.\n‍\n\n5) Move and stretch.\n‍With a comfy pair of sneakers and a belly filled with berries you should be ready to rock the neighborhood trick or treaters and be the life of the party at the Monster Mash.  All that movement and activity increases production of the synovial fluid to lubricate the joints, improves circulation, and releases endorphins (the feel-good hormone) so you can enjoy life to its fullest.\n\n\n‍\n\nWant to stay up to date with the latest patient resources? Follow OneStep on LinkedIn, Facebook, and Instagram!\n\n‍\n\n‍\n\n‍\n\n‍\n\n‍\n\nReferences:\n\n‍\n\n1: Fox et. al, The Basic Science of Articular cartilage; Sports Health 2009 Nov 1(6): 461-468\n\nResources:\n\nStay up to date with the latest patient resources!\n\nFollow us\nGet our app\nCopyright OneStep 2024\n|\nTerms of Service\n|\nPrivacy Policy\n|\nHIPAA Notice\nProduct\nScience\nPlatform\nExperience\nSolutions\nDigital Health\nRTM\nFall Prevention\nO&P\nMSK Surgeries\nResearch\nFor Patients\nCompany\nAbout\nCareers\nContact\nResources\nPublished Research\nWhite Papers\nCase Studies\nWebinars\nPress\nBlog\nFAQs",
    "token_count_estimate": 780
}