{
    "id": "6093f9c9-322e-45fa-80fb-8f84ec15d72c",
    "url": "file://www_onestep.co-resources-blogonestep-demonstrates-its-validity-safety-and-efficacy-passing-orcha-assessment.html",
    "title": "www_onestep.co-resources-blogonestep-demonstrates-its-validity-safety-and-efficacy-passing-orcha-assessment.html",
    "docAuthor": "no author found",
    "description": "No description found.",
    "docSource": "URL link uploaded by the user.",
    "chunkSource": "link://https://www.onestep.co/resources-blog/onestep-demonstrates-its-validity-safety-and-efficacy-passing-orcha-assessment",
    "published": "10/16/2024, 4:42:11 PM",
    "wordCount": 370,
    "pageContent": "Request Demo\nOneStep demonstrates its validity, safety, and efficacy — passing ORCHA assessment!\nJune 26, 2023\n\nTry OneStep's digital health platform\n\nSchedule a Demo\n\nWith the evolution of technology has come a massive influx of new digital health applications. While novel technology holds great promise, each solution must be carefully assessed for safety, efficacy, and clinical validity.\n\n‍\n\nWhat is ORCHA?\n\nORCHA, which stands for the Organization for the Review of Care and Health Apps, is the global leader in assessing and distributing digital health technologies. The organization was founded by NHS clinicians in 2015 and since then ORCHA has worked with organizations globally to ensure “that the best technology is always used to hit targets, whilst meeting regulations.”\n\nAccording to the ORCHA website, they are on a mission “to put the power of digital health safely into the hands of everyone who needs it.”\n\n‍\n\nOneStep joins the list of ORCHA approved apps!\n\nOneStep is proud to announce the recent achievement of passing ORCHA’s rigorous assessment protocols, indicating the OneStep app is among apps of the highest standards!\n\nLevel 4 is ORCHA’s highest level with the most strict standards for passing the assessment process. OneStep was assessed at level 4 as it was concluded that OneStep’s novel gait analysis can be used to inform treatment and therefore must surpass the strict standards outlined at this level\n\n‍\n\nOnly 7% of the apps reviewed meet and pass this level — a remarkable achievement demonstrating that OneStep’s functionality meets the highest standards.\n\n‍\n\n‍\n\nWhat is the significance of passing an ORCHA assessment?\n\nAs healthcare continues to transform and embrace new technology, it’s critical that digital health solutions are thoroughly evaluated and vetted to uphold standards of care and patient safety.\n\nPassing ORCHA’s rigorous assessment indicates that the digital health technology has met the requirements and is considered a solution that is trustworthy and can be recommended for use.\n\nOrganizations like the American Physical Therapy Association are turning to ORCHA to assist in creating libraries of trusted digital solutions to make it easier for their members to navigate the ever-evolving field of health technology — empowering healthcare organizations and clinics with information to choose trusted digital solutions.\n\n‍\n\nLearn how you can leverage digital health technology with OneStep.\n\n‍\n\nFollow us\nGet our app\nCopyright OneStep 2024\n|\nTerms of Service\n|\nPrivacy Policy\n|\nHIPAA Notice\nProduct\nScience\nPlatform\nExperience\nSolutions\nDigital Health\nRTM\nFall Prevention\nO&P\nMSK Surgeries\nResearch\nFor Patients\nCompany\nAbout\nCareers\nContact\nResources\nPublished Research\nWhite Papers\nCase Studies\nWebinars\nPress\nBlog\nFAQs",
    "token_count_estimate": 559
}