{
    "id": "bf63bc46-13f4-498e-8ee8-5b91be03a103",
    "url": "file://www_onestep.co-resourcespress.html",
    "title": "www_onestep.co-resourcespress.html",
    "docAuthor": "no author found",
    "description": "No description found.",
    "docSource": "URL link uploaded by the user.",
    "chunkSource": "link://https://www.onestep.co/resources/press",
    "published": "10/16/2024, 4:41:37 PM",
    "wordCount": 779,
    "pageContent": "Request Demo\nOneStep in the News\nAS SEEN ON\nSep 25, 2024\n\nEmpowered Patient Podcast: The power of gait analysis to predict and monitor health conditions with Tomer Shussman\n\nSep 25, 2024\n\nHow to Implement Remote Therapeutic Monitoring with Success\n\nSep 17, 2024\n\nDoubling Down on Falls: How Technology is Redefining Fall Prevention\n\nSep 10, 2024\n\nLLPR Collaborates With Gait Data Company\n\nAug 22, 2024\n\nOneStep Integrates Gait and Motion Analysis with Epic EHR\n\nJun 20, 2024\n\nThe consumerization of health care: How patient-centricity is key to greater efficiency\n\nJun 18, 2024\n\nStreamlining Hospital Operations, Optimizing Resource Allocation, and Improving Efficiency with AI Predictive Analytics\n\nMay 24, 2024\n\nWalking The Path To Safety: The Impact Of Gait Analysis On Fall Rates In Skilled Nursing\n\nMay 22, 2024\n\nOneStep Integrates with PointClickCare to Revolutionize Digital Care\n\nMay 16, 2024\n\nThe Power of Gamification in Senior Physical Therapy\n\nApr 24, 2024\n\nWorld's Best Digital Health Companies 2024\n\nApr 23, 2024\n\nNew Approaches to Physician Engagement\n\nApr 19, 2024\n\nC-Suite Perspectives On AI: Tomer Shussman Of OneStep On Where to Use AI and Where to Rely Only on Humans\n\nApr 19, 2024\n\nThe Evolution of Healthcare at Home, the Technology Driving this Change, and It’s Impact on the World of Healthcare\n\nApr 11, 2024\n\nNovaCare P&O Partners With Gait Analysis Company\n\nApr 10, 2024\n\nCombatting Physical Therapy Burnout: Can Digital Health Help?\n\nMar 28, 2024\n\nThe Advantages, Challenges, and Costs of Healthcare at Home Services\n\nMar 15, 2024\n\nTech proactively addresses health risks in residents while creating new revenue streams\n\nMar 14, 2024\n\nGait: The silent messenger of health\n\nFeb 18, 2024\n\nGait speed is one of your vital signs, so make sure yours is OK\n\nFeb 15, 2024\n\nConcerning Health IT Trends: What Can We Do and What Happens if We Do Nothing?\n\nJan 9, 2024\n\nOneStep Launches Power of Gait, CEU Program for Physical Therapists\n\nJan 05, 2024\n\nEasing the Documentation Burden with Smart Technology\n\nJan 04, 2024\n\n7 Health Tech Predictions for 2024\n\nDec 14, 2023\n\nOneStep selected as PM360 2023 Innovator in Telehealth\n\nNov 20, 2023\n\nOneStep wins the Fall 2023 Digital Health Awards\n\nNov 02, 2023\n\nThe modern-day house call: Demystifying telehealth for seniors\n\nOct 10, 2023\n\nStriding Towards Recovery: How Gait Analysis Aids Elderly Rehabilitation\n\nSept 20, 2023\n\nGoing Beyond Tools: How Tech’s Collective Impact Can Positively Reshape Healthcare\n\nAug 22, 2023\n\nAn App Supporting Ukrainian Amputees\n\nAug 22, 2023\n\nPhysical therapy app OneStep takes new strides for senior communities\n\nAug 17, 2023\n\nOneStep Commits to APTA’s Annual Digital Health Transparency Campaign\n\nJul 21, 2023\n\nIs Gait The Most Overlooked Patient Vital Sign?\n\nJune 07, 2023\n\nImproving Physical Therapist and Patient Experiences with Technology Innovation\n\nMay 10, 2023\n\nTransformative Tech: Enhancing Healthcare Outcomes for All\n\nMay 09, 2023\n\nFast Company recognizes OneStep’s fall risk assessment as world changing idea\n\nMay 03, 2023\n\nHonorable mention to OneStep in this year's World Changing Ideas Awards from Fast Company\n\nApr 27, 2023\n\nOneStep and Kinomatic One-Year Partnership: 1.5M Steps Analyzed\n\nApr 06, 2023\n\nFOX Rehabilitation Adds Remote Therapeutic Monitoring, Through Partnership with OneStep, to Provide Comprehensive Value-Based Care for Older Adults\n\nMarch 8, 2023\n\nUsing Clinical Insights from Gait Parameters to Address Fall Risk Physical Therapy and Prosthetics with Tomer Shussman, CEO @ OneStep\n\nMarch 07, 2023\n\nThe Winning Combination of Tech and Touch when Building a Prevention-focused Mindset Surrounding Falls\n\nFeb 25, 2023\n\nPhysical Therapists Want Flexibility And Digital Health Solutions Hold The Key\n\nFeb 24, 2024\n\nUkrainian War Survivors - How OneStep has Aided in Remote Rehabilitation\n\nFeb 03, 2023\n\nOneStep's partnership with the Protez Foundation provides prosthetics and remote rehabilitation to Ukrainians injured in the war\n\nJan 31, 2023\n\nEnhancing Physical Therapy With Artificial Intelligence\n\nJan 19, 2023\n\nOneStep study finds physical therapists desire remote work flexibility\n\nJan 18, 2023\n\nDigital health technology holds the key to PT career flexibility\n\nJan 09, 2023\n\nTracking gait with smartphones: a conversation with Alaina Victoria, Clinical Content Manager, OneStep\n\nDec 21, 2022\n\nProtez Foundation and OneStep partner to help Ukranian wartime amputees\n\nNov 17, 2022\n\nVirtual physical therapy provider OneStep using smartphones to determine upper-extremity range of motion\n\nOct 23, 2022\n\nFuture-proof the health of rehab therapy with hybrid care\n\nOct 02, 2022\n\nOneStep innovates with new approach to fall risk assessment\n\nAug 10, 2022\n\nDigital transformation in healthcare: Tomer Shussman of OneStep on how medical practices can use digital transformation to provide better care\n\nAug 10, 2022\n\nMeet Stephanie Wakeman of OneStep\n\nAug 05, 2022\n\nPhysical therapist Dr. Stephanie Wakeman on how telehealth is changing physical therapy - exclusive\n\nAug 03, 2022\n\nDr. Stephanie Wakeman on how gait analysis can help prevent injury - exclusive\n\nAug 02, 2022\n\nDigital physical therapy app OneStep launches fall risk detection using only a smartphone\n\nJuly 29, 2022\n\nPhysical therapist Stephanie Wakeman on functional movement, gait analysis, and virtual physical therapy - exclusive\n\nApr 17, 2022\n\nWhat those walking stats on your smartphone truly say about your overall health\n\nMar 10, 2022\n\nMeet Tomer Shussman, Co-Founder & CEO at app-based physical therapy service: OneStep\n\nFeb 28, 2022\n\nTelehealth best practices: Tomer Shussman of OneStep on how to best care for your patients when they are not physically in front of you\n\nFeb 08, 2022\n\nDigital physical therapy company OneStep partners with smart surgery provider Kinomatic to enhance physical therapy for surgery patients\n\nFollow us\nGet our app\nCopyright OneStep 2024\n|\nTerms of Service\n|\nPrivacy Policy\n|\nHIPAA Notice\nProduct\nScience\nPlatform\nExperience\nSolutions\nDigital Health\nRTM\nFall Prevention\nO&P\nMSK Surgeries\nResearch\nFor Patients\nCompany\nAbout\nCareers\nContact\nResources\nPublished Research\nWhite Papers\nCase Studies\nWebinars\nPress\nBlog\nFAQs",
    "token_count_estimate": 1581
}