{
    "id": "5a111e8c-4e69-4e14-8bb9-e97851f1de2b",
    "url": "file://www_onestep.co-resources-blogfind-physical-therapy-near-me.html",
    "title": "www_onestep.co-resources-blogfind-physical-therapy-near-me.html",
    "docAuthor": "no author found",
    "description": "No description found.",
    "docSource": "URL link uploaded by the user.",
    "chunkSource": "link://https://www.onestep.co/resources-blog/find-physical-therapy-near-me",
    "published": "10/16/2024, 4:42:25 PM",
    "wordCount": 535,
    "pageContent": "Request Demo\nHow to Find Physical Therapy Near Me\nMarch 28, 2023\n\nFind Physical Therapy Near Me\n\nSchedule a Demo\n\nFinding a physical therapist near you may feel tricky depending on where you live – you might have overwhelming options in busy cities or very few if you live in a more rural area. How can you find the right PT clinic nearby that also fits your needs and schedule? Luckily, OneStep takes the guesswork out of finding a physical therapist perfect for you regardless of where you’re located. There’s no need to search tirelessly for “physical therapy near me!”\n\nThe closest physical therapy clinic is actually physical therapy at home!\n\nYou might be wondering, “how will I find physical therapy near me?” Technology has made us closer than ever, and healthcare is no exception. Now you can receive excellent physical therapy at home on your own schedule. Going to a physical therapy clinic nearby is not as simple for everyone, which limits the number of times they can actually attend in-person visits. It can be difficult finding the time to commute to and from the PT clinic, arranging transportation, hiring childcare, or taking time off work for appointments. Not to mention you can’t control bad weather or unforeseen life circumstances that make attending in-clinic PT nearly impossible at times.\n\nRemote at-home physical therapy is safe and effective\n\nThere’s no reason to be hesitant about receiving physical therapy at home remotely. Studies have shown that people who do their exercises and touch base with their physical therapist at home using remote tools still achieve excellent results and meet their therapy goals. Your physical therapist will first meet with you virtually to perform an initial evaluation that assesses your mobility, needs, and goals just as if you were at a PT clinic. Your physical therapist will also ensure you are an appropriate candidate for remote physical therapy at home and assign you a home program that is safe and effective. Remote in-home physical therapy can be used for:\n\nPost-surgical recovery\nInjury prevention and recovery\nSports performance\nStrength and conditioning\nGait and balance training\nFall risk assessment and prevention\nPain and limited mobility\nOsteoarthritis and bone health\nNeurological diagnoses\nPelvic floor therapy\nAnd more!\nI want to find physical therapy near me today\n\nLooking to get in with a physical therapist near you soon? You can download the OneStep app today to get connected with a licensed physical therapist in your state and start your at-home physical therapy journey without any delay. Using the OneStep app, you’ll have everything you need to reach your goals at your fingertips. OneStep uses ground-breaking technology to turn your smartphone into a motion analysis lab that provides you and your physical therapist with immediate feedback on your progress from anywhere. \n\nYou can also communicate with your physical therapist between appointments using chat and video messaging channels for consistent professional support. It’s simple to follow along with your video home exercises that are customized for your needs and conveniently built into your daily routine – especially since they are designed to feel like you are following along with your PT, but from the comfort of your home. “Physical therapy near me” is closer than you ever imagined with OneStep!\n\n‍\n\nFollow us\nGet our app\nCopyright OneStep 2024\n|\nTerms of Service\n|\nPrivacy Policy\n|\nHIPAA Notice\nProduct\nScience\nPlatform\nExperience\nSolutions\nDigital Health\nRTM\nFall Prevention\nO&P\nMSK Surgeries\nResearch\nFor Patients\nCompany\nAbout\nCareers\nContact\nResources\nPublished Research\nWhite Papers\nCase Studies\nWebinars\nPress\nBlog\nFAQs",
    "token_count_estimate": 730
}