{
    "id": "02d1703d-1ad9-4ee5-8e58-ef7f2b66a747",
    "url": "file://www_onestep.co-companycontact.html",
    "title": "www_onestep.co-companycontact.html",
    "docAuthor": "no author found",
    "description": "No description found.",
    "docSource": "URL link uploaded by the user.",
    "chunkSource": "link://https://www.onestep.co/company/contact",
    "published": "10/16/2024, 4:41:36 PM",
    "wordCount": 56,
    "pageContent": "Request Demo\nWe’d love to hear from you.\nGeneral communication\n\nFor general queries, including partnership and press, please email info@onestep.co\n\nHelp & support\n\nWe’re available 24/7 at support@onestep.co.\n\nOffice\n\nCelloscope Inc.\n127 West 30th Street\nNew York, NY 10001\n\nFull name\nEmail address\nPhone Number\nCompany Name (if relevant)\nWhat best describes me\nSelect one...\nPatient\nProvider\nResearcher\nOther\nMessage\nFollow us\nGet our app\nCopyright OneStep 2024\n|\nTerms of Service\n|\nPrivacy Policy\n|\nHIPAA Notice\nProduct\nScience\nPlatform\nExperience\nSolutions\nDigital Health\nRTM\nFall Prevention\nO&P\nMSK Surgeries\nResearch\nFor Patients\nCompany\nAbout\nCareers\nContact\nResources\nPublished Research\nWhite Papers\nCase Studies\nWebinars\nPress\nBlog\nFAQs",
    "token_count_estimate": 195
}