{
    "id": "5ec5052e-a0dd-4ed8-91dc-5d54d2e0e75b",
    "url": "file://www_onestep.co-resources-blogstretching-101.html",
    "title": "www_onestep.co-resources-blogstretching-101.html",
    "docAuthor": "no author found",
    "description": "No description found.",
    "docSource": "URL link uploaded by the user.",
    "chunkSource": "link://https://www.onestep.co/resources-blog/stretching-101",
    "published": "10/16/2024, 4:42:48 PM",
    "wordCount": 827,
    "pageContent": "Request Demo\nStretching 101\nMarch 28, 2023\n\nLearn to stretch the right way for your body\n\nSchedule a Demo\n\nExercise and stretching go hand in hand together – and a great routine strategically encompasses both for optimal muscle health. In order for muscles to function properly, they need to be strong and flexible. Regular stretching is a great way to improve muscle flexibility. Plus, it is easy to add in a few moves to your existing routine to reap the benefits of a good stretch!\n\nBenefits of Stretching\n\nStretching improves muscle flexibility, which can help increase joint range of motion. Improving joint range of motion can help you perform activities like climbing stairs, sitting in a chair, and even walking! Your joints need to be free to move throughout a functional range for these activities to occur. Additionally, improving your range of motion can boost your performance in sports and other forms of exercise. Promoting muscle flexibility with stretching can also reduce your risk of injuries and enable your muscles to perform their specific actions with efficiency. A healthy muscle is both strong and flexible.\n\nWhat happens when a muscle is stretched?\n\nWhile the exact physiological response of muscles to stretching is not completely understood and often debated in current literature, we do have a general consensus on a few concepts. Muscles are made up of individual fibers, and within these fibers are structures called sarcomeres. The sarcomere is the most basic unit that facilitates contraction of the muscle, and when a muscle is stretched, these units are also stretched which in turn allows for elongation of the muscle fiber. While some muscle fibers may stretch, others may stay at rest. It is not confirmed in the literature whether or not stretching causes sustained lengthening of a muscle.\n\nThere is also a neurological component to muscle stretching. Within each muscle, there are receptors that interpret how much stretch is placed on the tissue at a given time. These receptors help ensure proper muscle tone and prevent injury through complex reflex and response mechanisms.\n\nAdditionally, when a muscle is stretched this information is conveyed to the nervous system and can have a relaxing effect on the muscle and body. This is why stretching is often used to reduce muscle tone and promote nervous system relaxation.\n\nTypes of Stretching\nDynamic Stretching\n\nDynamic stretching involves stretching a muscle during controlled movements. When performing dynamic stretching, you should begin moving the joint and stretching the muscle through a partial range of motion, progressively increasing the range as you continue. Dynamic stretching is best before an activity and is used to warm up the body, preparing it for certain movements. It can also help promote motor control and restore dynamic function. It is important to note that dynamic stretching utilizes controlled movements, and not rapid or jerky movements that quickly force a muscle to stretch or bring a joint past its normal range of motion in that manner.\n\nStatic Stretching\n\nStatic stretching is the prolonged hold of a muscle in the lengthened position without additional movement. Typically static stretches are held for 30-90 second increments and are thought to promote muscle relaxation, postural awareness, and even body alignment in various positions. Static stretching is typically recommended after exercise, particularly once the muscle has already been warmed up to some extent.\n\nProprioceptive Neuromuscular Facilitation (PNF) Stretching\n\nThere are multiple PNF stretching techniques, but they all incorporate muscle contraction in combination with stretching the muscle to its limit to trigger a reflexive response. While the exact mechanisms of PNF stretching are complex and debated, it is the general consensus that the facilitation of specific muscle contractions and application of prolonged stretch results in neural inhibition that allows the muscles to relax and achieve a deeper stretch. PNF stretching is often used in physical therapy with various patient populations as it can help facilitate improved range of motion as well as muscle flexibility and neuromuscular control.\n\nStretching Safely\n\nAs with exercise, there are some essential stretching safety tips to keep in mind.\n\nNever stretch a “cold” muscle.\n\nIt’s best to stretch a muscle after physical activity to prevent injury and even improve performance.\n\nAvoid stretching into pain.\n\nA stretch should feel effective (noticeable tension), but comfortable. There should never be sharp, shooting pain or extreme discomfort.\n\nStretch both sides of your body.\n\nWhen possible, it’s great to target both sides of your body with stretches. Keep in mind it is perfectly normal for one side to feel more flexible than the other, but it’s important to give both sides some attention!\n\nMake stretching a habit.\n\nThe best way to see the benefits of stretching is to make it a part of your routine.\n\nConsult with a professional.\n\nIf you have suffered an injury, have had recent surgery, or just don’t know where to start when it comes to stretching, consult a physical therapist! Download the OneStep app today to be connected with a licensed physical therapist who can create the ultimate strength and flexibility program customized just for you.\n\n‍\n\nFollow us\nGet our app\nCopyright OneStep 2024\n|\nTerms of Service\n|\nPrivacy Policy\n|\nHIPAA Notice\nProduct\nScience\nPlatform\nExperience\nSolutions\nDigital Health\nRTM\nFall Prevention\nO&P\nMSK Surgeries\nResearch\nFor Patients\nCompany\nAbout\nCareers\nContact\nResources\nPublished Research\nWhite Papers\nCase Studies\nWebinars\nPress\nBlog\nFAQs",
    "token_count_estimate": 1077
}