{
    "id": "0e9ebac9-c1ec-42a3-9c84-aac29a7291e7",
    "url": "file://www_onestep.co-resources-blogtop-10-pieces-of-advice-to-give-your-family-when-youve-had-a-stroke.html",
    "title": "www_onestep.co-resources-blogtop-10-pieces-of-advice-to-give-your-family-when-youve-had-a-stroke.html",
    "docAuthor": "no author found",
    "description": "No description found.",
    "docSource": "URL link uploaded by the user.",
    "chunkSource": "link://https://www.onestep.co/resources-blog/top-10-pieces-of-advice-to-give-your-family-when-youve-had-a-stroke",
    "published": "10/16/2024, 4:43:46 PM",
    "wordCount": 613,
    "pageContent": "Request Demo\nTop 10 Pieces of Advice to Give Your Family When You've Had a Stroke\nApril 21, 2023\n\nStay up to date with the latest patient resources!\n\nSchedule a Demo\nRecovering from a stroke is a complex process for anyone - but no one should go through it alone.\n\n‍\n\nHere are 10 pieces of advice for a stroke survivor's loved ones, to help during recovery and rehabilitation.\n\n‍\n\n1) We’re in this together\n\nMy condition is new to all of us, but we're on the same side. Please share your thoughts and feelings with me, so I can feel comfortable doing the same with you.\n‍\n\n2) Accept my “new” me\n\nI went through a life-changing condition, I will face challenges and setbacks, both physically, emotionally, and cognitively. I may seem like the same person but sometimes I'm not. Please, don't try to change me, but to accept and understand me.\n\n‍\n\n3) Get educated\n\nGet to know what I've been through, understand the medical, cognitive, and emotional conditions that I had, where I am right now, and what the future will bring. I don't have all the answers, but I'm sure we can find great professionals that will assist us.\n‍\n\n4) Understand my cognitive decline\n\nIt's really common for someone who had a stroke to experience cognitive impairments. I can be forgetful, lack the ability to hold attention or focus on a mission, struggle with everyday tasks that I used to do without difficulty before. This is natural, sometimes it gets better and sometimes it doesn't. Try to help me find the right strategies and tools so I can manage without being too demanding or dependent.\n‍\n\n5) Celebrate my accomplishments\n\nFor me- every single step is progress and even my smallest accomplishment is worth celebrating. Try not to minimize my successes by telling me miracle stories of people who've accomplished things that seem really far off.\n\n‍\n\n6) Don’t blame me\n\nYou can sometimes think I'm not trying hard enough to get well or that I'm \"pretending\" the challenges. I can promise you I'm doing my best, and it's hard for me too. I'm sorry if I blame you for not supporting me, or thinking you're not trying your best. It's such a prolonged process and I sometimes lose my energy, I'm sure you are too.\n\n‍\n\n7) Support me if I feel depressed\n\nI've lost some of my abilities and any emotional reaction to the loss is normative. Don't try to 'fix' my depression or judge me for being depressed - just give me time and be there for me. Everyone has their own pace in the recovery process.\n\n‍\n\n8) I know it’s hard for you too, and I’m sorry I can’t always help\n\nIt can be really helpful if you try to seek help from outsources: Participate in personal or group therapy, find relevant Facebook groups for families of patients with stroke. You're not alone in it, even though you may feel so.\n‍\n\n9) Let’s have quality time together\n\nIt's really hard that we can't do the same activities that we used to do, but that doesn't mean our quality of time and friendship together should suffer. Let's try to think of new activities we can do together, and make suggestions that are appropriate to our current circumstances.\n‍\n\n10) Don’t forget yourself in this situation\n\nI know most of the time you're focused on taking care of me, but you also need to take care of yourself. Make yourself free time to do the things you love without having to worry about me. It will recharge you with energy, and it's as important to me as it is to you.\n\n‍\n\n‍\n\nWant to stay up to date with the latest patient resources? Follow OneStep on LinkedIn, Facebook, and Instagram!\n\n‍\n\nFollow us\nGet our app\nCopyright OneStep 2024\n|\nTerms of Service\n|\nPrivacy Policy\n|\nHIPAA Notice\nProduct\nScience\nPlatform\nExperience\nSolutions\nDigital Health\nRTM\nFall Prevention\nO&P\nMSK Surgeries\nResearch\nFor Patients\nCompany\nAbout\nCareers\nContact\nResources\nPublished Research\nWhite Papers\nCase Studies\nWebinars\nPress\nBlog\nFAQs",
    "token_count_estimate": 909
}