{
    "id": "aeb234f8-cd07-4ef9-b89b-2a3db901eb42",
    "url": "file://www_onestep.co-postexercises-to-perform-after-a-knee-replacement.html",
    "title": "www_onestep.co-postexercises-to-perform-after-a-knee-replacement.html",
    "docAuthor": "no author found",
    "description": "No description found.",
    "docSource": "URL link uploaded by the user.",
    "chunkSource": "link://https://www.onestep.co/post/exercises-to-perform-after-a-knee-replacement",
    "published": "10/16/2024, 4:43:59 PM",
    "wordCount": 26,
    "pageContent": "Request Demo\n404 - We couldn't find this page\nBack to Homepage\nFollow us\nGet our app\nCopyright OneStep 2024\n|\nTerms of Service\n|\nPrivacy Policy\n|\nHIPAA Notice\nProduct\nScience\nPlatform\nExperience\nSolutions\nDigital Health\nRTM\nFall Prevention\nO&P\nMSK Surgeries\nResearch\nFor Patients\nCompany\nAbout\nCareers\nContact\nResources\nPublished Research\nWhite Papers\nCase Studies\nWebinars\nPress\nBlog\nFAQs",
    "token_count_estimate": 106
}