{
    "id": "68d84792-b01d-40a5-a2ed-cdb9192885d6",
    "url": "file://www_onestep.co-resources-blogdifference-between-a-physical-therapist-chiropractor.html",
    "title": "www_onestep.co-resources-blogdifference-between-a-physical-therapist-chiropractor.html",
    "docAuthor": "no author found",
    "description": "No description found.",
    "docSource": "URL link uploaded by the user.",
    "chunkSource": "link://https://www.onestep.co/resources-blog/difference-between-a-physical-therapist-chiropractor",
    "published": "10/16/2024, 4:43:33 PM",
    "wordCount": 430,
    "pageContent": "Request Demo\nWhat’s The Difference Between a Physical Therapist and a Chiropractor?\nApril 21, 2023\n\nStay up to date with the latest patient resources!\n\nSchedule a Demo\n\nMost of the time we go to the doctor when we’re sick, in need of an annual checkup, or have found ourselves dealing with an injury. But sometimes, especially as we age, we can find ourselves with pulled muscles, surprise aches and pains, or a clicking knee that seems to happen when the temperature shifts. Where do we go then? You may still go to your family doctor, who may prescribe some anti-inflammatories, a check-up, or recommend you visit another practitioner. Your friend or neighbor may suggest a physical therapist, a chiropractor, an acupuncturist, or a massage therapist. While there are some similarities, there are many differences. In this blog post, we’ll clarify when to see a chiropractor and when you should be scheduling an appointment with a physical therapist.\n\nWhat do Chiropractors and Physical Therapists (PTs) have in common?\n\nChiropractic doctors and physical therapists are both licensed professionals who will have completed years of education in their field. Both have an in-depth understanding of human anatomy. PTs and chiropractors will utilize a holistic approach for pain management in both areas of practice and strive to prevent surgery using non-invasive methods. Both may use manual techniques to combat stiffness and pain while prioritizing regaining and maintaining maximum mobility.\n\n‍\n\nWhat’s the difference between Chiropractic Care and Physiotherapy?\n\nTypically, chiropractors provide musculoskeletal care through manual therapy, manipulation, and adjustments. Chiropractors are considered alternative medicine and there is some dispute regarding the scientific foundation of the practice. Physical therapy is considered an allied health profession, although is moving towards primary care for musculoskeletal conditions hence the switch to doctoral level degree. A PT may prescribe specific exercises for your condition to practice at home or at the clinic with the goal of strengthening and improving your mobility and range of motion with long-lasting results. Physical therapists can diagnose physical abnormalities, and treat all ages from newborns to end of life.\n\n‍\n\nWho should I see?\n\nThe short answer: it depends! If you’re looking to address mobility, surgery prevention, or recovering from an injury, a physical therapist is a good choice. If you’re looking to quickly relieve back pain or neck pain a visit to a chiropractor can definitely help! As with other manual therapies, you will need to visit a chiropractor repeatedly to get relief.\n\n‍\n\n‍\n\n‍\n\nWant to stay up to date with the latest patient resources? Follow OneStep on LinkedIn, Facebook, and Instagram!\n\nFollow us\nGet our app\nCopyright OneStep 2024\n|\nTerms of Service\n|\nPrivacy Policy\n|\nHIPAA Notice\nProduct\nScience\nPlatform\nExperience\nSolutions\nDigital Health\nRTM\nFall Prevention\nO&P\nMSK Surgeries\nResearch\nFor Patients\nCompany\nAbout\nCareers\nContact\nResources\nPublished Research\nWhite Papers\nCase Studies\nWebinars\nPress\nBlog\nFAQs",
    "token_count_estimate": 645
}